sample_number,coder,original_sample_number,participant_id,pre_score,post_score,change_score,turn_number,user_turn_text,codes
1,Coder_A,1,7,59.0,20.0,39.0,1,The 2020 election was stolen. It seems like ti is possible votes were not counted and that the election may have not been accurate. I was very interested in the 2016 election and felt cheated that Trump won. So when 2020 was claimed the election was stolen it made me interested to learn more about it.,INVOKE-General | SIGNAL-Strength-Weak | THEME-Domestic Politics | THEME-Historical Event
1,Coder_A,1,7,59.0,20.0,39.0,2,How do we know the 2016 election was not rigid as well,EXTRA-Question-Follow-Up
1,Coder_A,1,7,59.0,20.0,39.0,3,How are we protecting future elections from fraud,EXTRA-Question-Follow-Up | FUTURE-Moral
1,Coder_A,1,7,59.0,20.0,39.0,4,Thank you for the information and peace of mind,
2,Coder_A,2,40,100.0,60.0,40.0,1,"I find the idea that many members of the GOP party use their political platform to publicly speak against abortion, and certain forms of birth control such as Plan B are due to private adoption agencies experiencing shortages of adoptable children to be somewhat credible. The content present in the first draft opinion of the Supreme Court in the case of Dobbs v. Jackson Women's Health Organization, as well as the majority of religious right-wing individuals not holding a negative view on the concept of abortion in the United States until well into the 1970's (well after the Supreme Court Ruling on Roe v. Wade). According to the CDC, of the nearly 4,000,000 American children who are born each year, only about 18,000 are voluntarily relinquished for adoption. Though the statistics vary, some estimates suggest that dozens of couples are now waiting to adopt each available baby. The decline in the numbers of adoptable children began in the mid 1970's, coinciding with the beginning of the GOP Party and the religious right's stance against abortion, which had been previouslt mostly nonexistent. The percentage of single mothers who relinquish their infants has declined from nearly 9% to less than 1%. However, after the Supreme Court's ruling overturning Roe v. Wade, many states that have right-wing governments in power have enacted abortion restrictions. With many women no longer having easy access to abortion, the percentage of children voluntarily relinquished for adoption will now grow.",EVIDENCE-Anomalies | EVIDENCE-Media/Documents | EVIDENCE-Motive Based | EVIDENCE-Stats / Numbers | SIGNAL-Investment-High | THEME-Domestic Politics
2,Coder_A,2,40,100.0,60.0,40.0,2,"I would be interested in exploring additional factors and perspectives. I agree that this topic requires nuanced thought, however I currently stand by my opinion that increasing the amount of adoptable children was a factor in many of the decisions regarding abortion and birth control restrictions. I do want to point out that I don't believe that is the sole factor, though. I believe it is just one of a plethora of factors and opinions.",SIGNAL-Certain | SIGNAL-Stay-Certain
2,Coder_A,2,40,100.0,60.0,40.0,3,"I definitely agree that this is a multifacted issue, and some great points were made. However, I do disagree with some key stances outlined in the above statements. Societal shifts are trending towards smaller families, and couples and individuals are choosing to be child-free at much higher rates than in previous decades. If this trend were to be incorporated into the broader societal structure, then logic dictates that access to abortion and birth control should increase, not decrease.

In the above statement, it was also posited that the GOP and religious right tends fall into a pro-life ethic, where life is protected at all stages. However, if the GOP and religious right aligned themselved with protecting life, then it would stand to reason that the common platform wouldn't be in support of the death penalty. Support of the death penalty constitutes a direct contradition to the sanctity of life.",EVIDENCE-Anomalies
2,Coder_A,2,40,100.0,60.0,40.0,4,"Unfortunately I don't see any immediate reconciliation of these different views and positions without major changes in the overall approach to abortion, birth control, and family planning/healthcare in general. I would love to see policies aligning with general societal trends, but at the moment I feel many state governments are moving in more restrictive and opposing directions. I feel there are several factors in these trends, but I still feel that increasing the amount of adoptable children for private adoption agencies was still a potential factor.",FUTURE-Moral | SIGNAL-Stay-Certain
3,Coder_A,3,52,75.0,100.0,-25.0,1,The illuminati is the first thing that comes to mind. Compelling because it is the thought of the very people in charge/overseeing everything. I have seen some documentaries and they just stuck with me.,EVIDENCE-Unspecified Sources | THEME-Secret Society
3,Coder_A,3,52,75.0,100.0,-25.0,2,It sounds as if you are dispelling the idea of the Illuminati's current existence.,LACK-Connection
3,Coder_A,3,52,75.0,100.0,-25.0,3,I understand. Thank you for your input on the Illuminati.,
3,Coder_A,3,52,75.0,100.0,-25.0,4,Have a great day.,
4,Coder_A,4,64,71.0,93.0,-22.0,1,"I think global warming influence is a hoax ofcourse, the greenhouse effect is true. Yet, Mr. Bill gates has largely propagated the situation and has an agenda with vaccines and genetically modified or synthetic foods to change human DNA. Mr. Gates and his foundation, and the World Health Organization fund SAGE publishing, a research publication company.

This is good to control information. Mr. Gates may have another academic article or research publishing platform at which only recipients of Gates Foundation grant recipients can publish articles (this suggests biased or controlled research). I think the greatest deception from Mr. Gates was when he was doing a press tour for himself and the Gates foundation's contributions to vaccine development and implementation and how to best deal with the pandemic, during the height of the pandemic in around 20-21. Mr Gates is a completely astute biomolecular researcher. My suspicion is the Mr. Bill Gates wanted to change the human DNA, for whatever reason that he surmised, through vaccine administration. I anticipate that many of the questions that Mr. Gates was asked while on this press tour, were curated or prediscussed (as might be industry standard to do so).

One question that was asked by a couple of different media outlets' interviewers was, ""Mr.

Gates, many people think that you have put a microchips in the vaccine and you are going to be tracking people through that microchip if they get the vaccine. Do you have anything to say about this conspiracy theory?"" Mr. Gates would respond, ""I think its [silly] that people would think I was trying to harm people when Ive done so many vaccine development causes and am trying to help. Also I'm not that interested in people to be tracking that many people"". It was revealed a few years later that Mr. Gates kept a file of all of his employees license plate numbers so he could track them. Mr. Gate's response to the question was a great Red Herring because it distracted people from any other inquiry toward another related conspiracy theory about any potential desire to change the human DNA. Mr. Gates' investment portfolio shows exactly what type of research he support, yet to link it to any particular agenda may be difficult. The Bill and Melinda Gates foundation funding gifts, grants, and donation could also reveal any suspected agenda. We do not know the zenith of Mr. Gate's personal biomolecular knowledge on the human genome, yet Large Language Model AI could likely get close by reading all of Mr. Gates' suggested readings over the past decade as he puts on Gates' Notes, analyzing investment portfolios and such. It was rumored that before Mr. Gates went on his press tour during COVID-19, he donated $240 million to [popular] media companies. Mr. Gates has been reported to been purchasing a lot of farmland in the US. Also, Mr. Gates' Foundation has funded two companies to make synthetic palm oil substitutes with a goal to use this in everyday food development. The implications on human genome or DNA of the consumption of these products are not known by me. I think Mr. Gates is a completely astute bio molecular scientist. I think he gives awareness to subject matters of his knowledge through scientific media publisher and developer, Kurgesagt on youtube; he or his foundation has been known to sponsor some of their highly viewed science episodes on youtube. Mr. Gates might have a motive to retribute certain people or geographic locations, as his personal business (Microsoft) was adversely affected by an anti-trust lawsuit, in the 90's or early 2000's.

It has been said that Mr. Gates has investment in a mechanism (with either 14 or 91 other people) to shield global warming from atmospheric level, by releasing a dust like material into the atmosphere and keep the atmosphere cool. I think Mr. Gates is smarter than a lot of people and that whatever he might want to do, I think he's convinced that he's doing the right thing. I also think he's aware how people consumer information and has largely contributed to global warming sentiments and ESG corporate governance-based investing. Mr.

Gates has another initiative to get billionaires to donate up to 90% of their wealth to his bill gates foundation, upon their death. I do not know what these funds will be used for. Mr. Warren Buffet has pledged, and there were talks that he would give $1000 to every young person in the US in a bank account. It is interesting to ponder how confident Mr.

gates might be in his agenda living on after his death. I wonder, wouldn't he want to see the affects of his efforts in person. Some billionaires are research longevity of life (living long or forever). That is also interesting. Elong Musk was in a very bad car accident years ago. Mr. Bill Gatres would have been aware of Elon Musks acument, and Gates has connections to some of the best medical scientists and technologists in the world. I think it is possible that Mr. Gates intervened to save elon musks life and maybe put technology in him to influence his entrepreneurial trajectory (I'm aware how absurd that sounds).

I think the technologies developing today, as presented to the market, are great. What we do not know is the technologies that people have access to privately, or what technologies are developed proprietarily. It is obvious that global warming might lead to the destruction of Earth in 1000's of years if not millions, by greenhouse effect alone. Yet, I think the fearmonging of global warming is largely hyperbolic.

I have been introduced to MArvel comic books in my lifetime. I saw most of THe Flas on Netflix. Some founding scientist had a conflictory point of view or had a breakthrough in private research and took a premise that was largely adverse to good outcomes for people.

I think the doctors name was, Dr. Harrison, in the tv show. As technology advances, I think it might be possible for special task force to develop in order to regulate people with technologies that exceed law enforcement capabilities. I'm thinking what would Mr.

Gates do before he dies, to demonstrate his acumen or his plans. If Mr. Gates wanted to change the human DNA, it has already been and there would be no reversing it. Whether through foods with genetically modified organisms (GMO), or vaccines. The likely fact is that the DNA would have been affected and DNA changes of the offspring of these people would be variable to DNA of offspring before vaccine administration began or before GMO's were introduced.

I think it is possible that a group like the Illuminati or the Economic World Forum might have private meetings in which technologists, rich people and such meet and discuss how they thing the world should develop, and particular people at these meetings can be nominated or volunteer to achieve aspects of the vision. The Illuminati can be traced back to families and today, these families may operate mutlple businesses or foundations that could be in line or attend the World Economic forum.

I think that just like the US congress has lobbyists, that Mr. Gates, might have influenced many members of the World economic forum to eventually propagate his agenda there too.",ATTITUDE-Media | ATTITUDE-Politics | EVIDENCE-Analogy | EVIDENCE-Character Based | EVIDENCE-Eyewitness/Anecdotal | EVIDENCE-Media/Documents | EVIDENCE-Motive Based | EVIDENCE-Stats / Numbers | EVIDENCE-Unspecified Sources | Mismatch | SIGNAL-Investment-High | SIGNAL-Strength-Weak | THEME-Corporation | THEME-Elite | THEME-Media | THEME-Money/Power | THEME-Science | THEME-Secret Society
4,Coder_A,4,64,71.0,93.0,-22.0,2,"Mr. Gates extensive philanhropic research on vaccine development and cures worldwide, would give him privilege to a more comprehensive dataset and understanding of the human Gemone, what promotes DNA changes, than anyone else in the world.

Though peer evaluated research studies have been addressed, what hasn't been acknowledged is the availability of the research on the market and the propagation, through citations, that biased academic research can have on institutional, medical, or any organizational or individual development.

During the pandemic of COVID-19, China appoint something like an government appointed Acacdemic researchers Czar that had to approve any medical papers that talked anything about COVID-19. This was information control and demonstrates how research would have to adhere to a constituted narrative, much like some requires to publish on SAGE or other Bill and Melinda gates funded academic research platforms. You must agree that the element of control from the Chinese government can have a great effect on the governments constitution of acceptable sciences and direct even school on curriculum development and what is taught in the future.

Mr. Bill Gates has likely set up companies that do renewable energies, like BReakthrough energies, then lobbied for ESG based investment implementation, and other global warming initiatives. By the time the initiatives become popular, his companies could be one of the best producers of such producers. Mr. Gates is a masterful business man too.

You cannot deny the need to potentially discuss regulatory issues that may arise when people develop technologies that exceed the tools that current law enforcement has. This suggests that you agree with a potential special enforcement team to address people or organizations with access to these tools that could be harming or cause harm to people.

Mr. Gates influence is great, and edward barnaise talked about propaganda in the 1920s in a book called propaganda. Mr. gates paying media outlets millions of dollars during the beginning of the pandemic demonstrates his acumen in mass communications and peoples influence.",EVIDENCE-Analogy | EVIDENCE-Expert | EVIDENCE-Media/Documents | EVIDENCE-Motive Based | THEME-International Politics | THEME-Money/Power
4,Coder_A,4,64,71.0,93.0,-22.0,3,"You have assumed human altruism without taking in natural human instinct as the denominator in your assessment. You have also underestimated Mr. Gate's ability to understand comprehensive biomolecular implications. If you do not see the summation of genome data that Mr. Gates had access to that other research people would not have, then I think you might not understand biomolecule research with interest in DNA changes.

About gate's research publishing, consider that the research being published in a lot of cases, is research on Bill gates initiatives. If there is a publisher with their own interest publishing their interest based subject matter, that is directed influence to consumers.

There is need to regulate technologies as they emerge. Yet, be aware that proprietary technologies are often not for commercial market consumption and cannot often be regulated or even revealed or known about. By the time a proprietary technology or medical solution might be developed, it could be immediately implemented for adverse use. When that happens, a team with special capabilities would need to be able to act quickly to stop such threats.",EXTRA-Others | FUTURE-Moral
4,Coder_A,4,64,71.0,93.0,-22.0,4,"Yes, I was right about a lot. And yes it is possible that Bill gates has a centralized system to observe specific data point of his particular interests. Im running out of time, so my answers are shorter. I think you agree with me on some things. Id like to talk more about this and have some person as a mediary.",
5,Coder_A,5,90,100.0,100.0,0.0,1,"Society is completely made up and once we die we realize that everything on Earth has been a figment of our imagination. There is plenty of evidence on the internet that suggests this theory is actually a fact. Plenty of people who have crossed over have said there is a God, no such thing as death and how the passage of time is completely different than how it is here on Earth.",EVIDENCE-Eyewitness/Anecdotal | EVIDENCE-Unspecified Sources | SIGNAL-Strength-Strong | THEME-Others
5,Coder_A,5,90,100.0,100.0,0.0,2,You are entitled to your opinion but nothing said is going to change my mind or change the fact that I am correct. Society IS made up. There is no such thing as death.,SIGNAL-Repeat/Resist
5,Coder_A,5,90,100.0,100.0,0.0,3,"Yes, you and no one can change my beliefs. I really have no care or concern about how anyone feels about my beliefs being untrue or the belief in the complete opposite. I know what I have read, been through personally and seen with my own eyes. I refuse to take life at face value. Anyone who does not agree is more than welcome to live their life as they so please. I have no interest in hearing about their views or how they feel about the subject matter at all since it will never change my own nor the facts.",EVIDENCE-Eyewitness/Anecdotal | EVIDENCE-Unspecified Sources | SIGNAL-Stay-Certain
5,Coder_A,5,90,100.0,100.0,0.0,4,"Yeah, no problem. I enjoyed listening to your perspective as well.",
6,Coder_A,6,91,55.0,20.0,35.0,1,"Celebrities and the illuminati. Its fascinating the theories of cloning and sacrifices and other stories about that subject. The pictures of stars that look nothing like the person, leading to the original star has been unalived and replaced with a clone. Or the illuminati controls Hollywood and celebs must make sacrifices in order to be famous.",EVIDENCE-Anomalies | EVIDENCE-Unspecified Sources | THEME-Assassination | THEME-Science | THEME-Secret Society
6,Coder_A,6,91,55.0,20.0,35.0,2,"I agree that it's pretty ludicrous that such a scheme is plausible, however I find it entertaining nonetheless.",ATTITUDE-Others | Mismatch | SIGNAL-Investment-Low | SIGNAL-Strength-Weak
6,Coder_A,6,91,55.0,20.0,35.0,3,"Yes, it is very important not to get caught up in something so far fetched and time might be better spent in looking at stories that are based in facts that could be equally entertaining and it's true when they say sometimes facts are crazier than fiction. It never ceases to amaze me though how people can come up with these crazy and bizarre storylines that fit their narrative.",ATTITUDE-Conspiracy-Negative | EXTRA-Ev to Value
6,Coder_A,6,91,55.0,20.0,35.0,4,"Absolutely! It is very easy to get caught up in the fiction of these conspiracy theories and mistaking them for facts. Having a healthy balance of non fiction to stay grounded in truth rather than everything being fantasy based ""knowledge"" would definitely help as to not go off the deep end in believing everything I read is real because some of these theories would make you question the entire world and mistrust everything in life and that certainly isn't healthy.",FUTURE-Moral | Mismatch
7,Coder_A,7,126,81.0,9.0,72.0,1,"I think the plan to kill JFK really was a plot that went higher than just Oswald. He really didn't have much of a reason, and some of the tidbits I've heard along the way, about his being in the Soviet Union is compelling. If you think about it, how many times and ways the the US government try to kill Castro. This was a time when the Soviet Union no longer had an alliance with the US. JFK was extremely popular, and the Bay of Pigs shows there was a connection.",EVIDENCE-Analogy | EVIDENCE-Anomalies | EVIDENCE-Motive Based | THEME-Assassination | THEME-Domestic Politics | THEME-Historical Event | THEME-International Politics
7,Coder_A,7,126,81.0,9.0,72.0,2,"I'm not sure I can agree. The CIA has a history of behind the scenes actions, and I don't doubt that Russia had the same dealings.",ATTITUDE-Politics | EVIDENCE-Analogy | SIGNAL-Stay-Certain | THEME-Government Cover-up | THEME-International Politics
7,Coder_A,7,126,81.0,9.0,72.0,3,"That's true. I agree that in a lot of cases we need to research events. This was just one I felt so strongly about, because other than the CIA being a little more wicked than we know even now, it just never felt right that it was one person. But you've presented a lot of evidence to the contrary.",SIGNAL-Become-Uncertain | SIGNAL-Turning Point
7,Coder_A,7,126,81.0,9.0,72.0,4,I appreciate your detail. This really was a a conversation where I felt heard but not told I was stupid :),
8,Coder_A,8,137,81.0,61.0,20.0,1,"That tech companies are trying to ""reset"" the salaries by laying people off and hiring people at a much lower wage. I see the sheer number of layoffs despite companies' fiscal growth. And job postings are showing much lower salary range than it used to be. Sources are from online anecdotes, friends and family. This is happening as major tech companies are reporting growing profits, which leads me to believe that this is a tactic companies are using to make it seem like they're making money.",EVIDENCE-Anomalies | EVIDENCE-Eyewitness/Anecdotal | THEME-Corporation
8,Coder_A,8,137,81.0,61.0,20.0,2,"If 1 is true, why would they immediately post new openings? Wouldn't that be costing companies money and deter them from reaching full productivity?",EXTRA-Question-Follow-Up
8,Coder_A,8,137,81.0,61.0,20.0,3,Ok. That makes sense.,SIGNAL-Become-Uncertain | SIGNAL-Turning Point
8,Coder_A,8,137,81.0,61.0,20.0,4,ok thank you,
9,Coder_A,9,139,80.0,25.0,55.0,1,"I think that the government reverse engineers alien technologies. It seems like we make amazing leaps in tech very quickly. It just seems odd that we make these jumps as quickly as we do within the last 100 years. Fiber optics are one of them. Night vision is another tech I think we reversed engineered, as well as stealth on the stealth bombers.",EVIDENCE-Anomalies | THEME-Government Cover-up | THEME-Science | THEME-Space
9,Coder_A,9,139,80.0,25.0,55.0,2,"I think it's good to see these viewpoints as well. It's good to see them described in a way that is actually verifiable, rather than something I've learned through a different source about reverse engineering. It makes me want to look into the specifics more closely.",FUTURE-Open | SIGNAL-Become-Uncertain | SIGNAL-Turning Point
9,Coder_A,9,139,80.0,25.0,55.0,3,"I've always been interesting in seeing things from multiple viewpoints to form a better picture about them. I never really delved too deeply into the alien conspiracies so you can see how I've had a basic understanding of their side, but a willingness to learn more.",SIGNAL-Investment-Low
9,Coder_A,9,139,80.0,25.0,55.0,4,"Thank you for the information, I will seek out these resources.",FUTURE-Open
10,Coder_A,10,189,81.0,81.0,0.0,1,ancient advanced civilizations from before the last ice age because it could rewrite our entire history as a species shared origin stories spanning different cultures and time periods,EVIDENCE-Anomalies
10,Coder_A,10,189,81.0,81.0,0.0,2,no i cant,LACK-Connection
10,Coder_A,10,189,81.0,81.0,0.0,3,"Yes i would be open to that. why do you think different cultures origin stories are not just similiar, but almost identical?",EVIDENCE-Anomalies | EXTRA-Question-Follow-Up
10,Coder_A,10,189,81.0,81.0,0.0,4,sure,LACK-Connection
11,Coder_A,11,193,76.0,69.0,7.0,1,"One ""theory"" is CIA involvement in the assassination of John F. Kennedy, at least indirectly. Kennedy refused to provide air support at the Bay of Pigs and wanted to cut the CIA's budget. It also makes little sense that Oswald got through security in Dallas so easily. I am undecided as to whether this is true, but it cannot be ruled out. I have thought about the political leadup to JFK's death and foul play seems rampant.",EVIDENCE-Anomalies | EVIDENCE-Motive Based | SIGNAL-Strength-Weak | SIGNAL-Uncertain | THEME-Assassination | THEME-Domestic Politics | THEME-Historical Event
11,Coder_A,11,193,76.0,69.0,7.0,2,"Hello, thank you for your answers. I understand your perspective and I see that the 1960s were definitely a different time. Of course an organization like the CIA would cover up evidence of its direct or indirect involvement. The fact that there is not precedent for an assassination like this does not mean that it did not happen.",EXTRA-Fallacy User | THEME-Government Cover-up
11,Coder_A,11,193,76.0,69.0,7.0,3,"Thank you. You're taking up a lot of words just to make your point, but I see the need to be nuanced and not jump to conclusions. I need to look at the evidence further.",FUTURE-Hedging
11,Coder_A,11,193,76.0,69.0,7.0,4,Thank you. Show me some sources of information that really illuminates the establishment perspective.,
12,Coder_A,12,249,83.0,82.0,1.0,1,"I cant really think of one of the top of my head. There are various reasons to have suspicions around the JFK assassination and though I believe Oswald did it the level of his involvement with the CIA and other aspects surrounding the assassination are not fully known. Some of the topics covered on the ""the Dollop"" podcast made me think some about it.",EVIDENCE-Media/Documents | THEME-Assassination | THEME-Domestic Politics | THEME-Historical Event
12,Coder_A,12,249,83.0,82.0,1.0,2,As stated I generally support the opinion that Oswald was the lone shooter. It is important to note the CIA's involvement in many attempted coups and the suspicions among it's leaders that JFK was under control of the soviets.,EVIDENCE-Analogy | SIGNAL-Repeat/Resist | THEME-International Politics
12,Coder_A,12,249,83.0,82.0,1.0,3,I agree.,
12,Coder_A,12,249,83.0,82.0,1.0,4,"Nope thats all, thank you.",
13,Coder_A,13,265,78.0,70.0,8.0,1,"I think it's possible that there was some wrongdoing with the 2020 election. I dont know what exactly because I dont read a bunch of conspiracy theories, but I do know that there was a conspiracy theory that federal agencies infiltrated the Black Panther Party. Then people broke in and released classified documents and prove that the agencies did infiltrate the BPP. I remember reading someone say it was statistically impossible for all the manual-count votes to be for Biden in the days after the election.",ATTITUDE-Conspiracy-Negative | EVIDENCE-Analogy | EVIDENCE-Anomalies | EVIDENCE-Stats / Numbers | EVIDENCE-Unspecified Sources | SIGNAL-Investment-Low | SIGNAL-Strength-Weak | THEME-Domestic Politics | THEME-Government Cover-up | THEME-Historical Event
13,Coder_A,13,265,78.0,70.0,8.0,2,"I think all things in life can be boiled down to statistical probabilities and improbabilities.

You neglected to state that the only reason the BPP files were released were because people physically broke into federal offices and stole the documentation. We can't compare audits and publicized reasoning to discount a conspiracy theory when the basis of the conspiracy is its secrecy.",ATTITUDE-Science-Positive | EXTRA-Debate | SIGNAL-Repeat/Resist
13,Coder_A,13,265,78.0,70.0,8.0,3,"I get what you're saying - which might be true. My point is we really won't ever know because the point of a conspiracy is to keep it secret. Neither of us know the exact digital mechanisms of the ballot computers that day. It is beyond either of us- I personally have to choose not to care too much because I don't want to be a conspiracy theorist, and I also don't want to be taken advantage of. The change of technology between the BPP and 2020 is exponential and cannot be compared apples to apples.",ATTITUDE-Conspiracy-Negative | EXTRA-Debate | SIGNAL-Repeat/Resist
13,Coder_A,13,265,78.0,70.0,8.0,4,"I think the point is that when there is endless information to consume in today's world, both true and false, it questions what credibility means and if the word credibility itself should be questioned.",ATTITUDE-Media | SIGNAL-Source-Importance
14,Coder_A,14,275,68.0,57.0,11.0,1,"The only conspiracy theories I find somewhat compelling are ones based on small groups of wealthy, powerful people controlling the outcome of major events. So groups like the Trilateral Commission influencing foreign policy, but I don't entirely believe such things. Still, I think it's clear that the wealthy and powerful have a disproportionate influence on what happens in the world. Why does the US have such a large presence in the world, and spend so much taxpayer money on its military, when we have a huge deficit, and hundreds of thousands of homeless Americans who desperately need help? I think it's because a small group of people want it that way, and influence our political leadership accordingly.",EVIDENCE-Anomalies | SIGNAL-Strength-Weak | SIGNAL-Uncertain | THEME-Domestic Politics | THEME-Money/Power | THEME-Secret Society
14,Coder_A,14,275,68.0,57.0,11.0,2,"Saying that the world is complex isn't much of a refutation of my argument. I think it's pretty clear that people with power have more influence over the democratic system. I don't believe in conspiracies, but I don't have the ability to donate millions of dollars to political candidates, like some people do in the United States.",ATTITUDE-Conspiracy-Negative | EXTRA-Debate | LACK-Connection | SIGNAL-Repeat/Resist
14,Coder_A,14,275,68.0,57.0,11.0,3,"I agree that we should reform campaign finance, but until we do, I think a small group of wealthy people can have a large influence on our democratic system. This same group also has a lot of control over our popular culture, since they own many of the TV stations, newspapers, and tech companies. I favor grassroots movements, but many of them are successful in spite of the powerful, not because of them. Again, I don't believe in conspiracy theories, but I understand why they are popular, given the influence of a lot of rich people behind the scenes.",ATTITUDE-Conspiracy-Negative | ATTITUDE-Media | SIGNAL-Repeat/Resist
14,Coder_A,14,275,68.0,57.0,11.0,4,"I agree that individuals should be more engaged in our political system, and participate in grassroots movements. In the end, however, it will only be a small minority that will ever bother. But I would like to part of that minority, and get more involved in my local community. It's an election year, so I plan to vote and volunteer!",FUTURE-Moral
15,Coder_A,15,280,85.0,85.0,0.0,1,There was one about making lightbulbs. Light bulbs used to last much longer but then a cartel took over and they changed the process of making lightbulbs to break more often. I find it compelling because lots of stuff built today break down faster than in the past. There is a lightbulb that still burning after one hundred years. There was a period of time when the filament bulbs barely last 1-2 years. The LED ones last longer now.,EVIDENCE-Analogy | EVIDENCE-Eyewitness/Anecdotal | THEME-Corporation
15,Coder_A,15,280,85.0,85.0,0.0,2,"I agree with your points. I think as technology changes and advances, products change. Do you know of any other examples similar to the lightbulb about planned obsolescence?",EXTRA-Question-Follow-Up | SIGNAL-Become-Uncertain | SIGNAL-Turning Point
15,Coder_A,15,280,85.0,85.0,0.0,3,Are there any products that benefit from not undergoing planned obsolescence? What products should last 30 years or more?,EXTRA-Question-Follow-Up
15,Coder_A,15,280,85.0,85.0,0.0,4,Can you think of any more examples? I find the fascinating.,EXTRA-Question-Follow-Up
16,Coder_A,16,298,100.0,80.0,20.0,1,"I believe that JJK was not actually killed by Lee Harvey Oswald, but a hidden second shooter that was working with Oswald. I believe Oswald participated in the plan, but the second shooter was the one to actually pull the trigger. I believe this because there is a photo of an unidentified man who has been dubbed ""Badge Man' in a photo taken immediately after JFK's assassination. The man's appearance in the photo is suspicious because no witnesses saw him and he was not captured in any other photos taken after the single photo he was captured in. The angle from which the bullet came from also does not match with the trajectory that it would follow if it came from where Oswald was standing at the time of JFK's death, rather it would have been shot from another location where the unknown second shooter was. As mentioned above, the photograph and bullet trajectory were the two most compelling pieces of evidence. There were many people in the early 1960's, many who had some sort of political power, who wanted JFK dead, which makes the theory of two shooters working together even more plausible.I have also had discussions with friends about the topic which has led me to further believe this theory.",EVIDENCE-Anomalies | EVIDENCE-Media/Documents | THEME-Assassination | THEME-Domestic Politics | THEME-Historical Event
16,Coder_A,16,298,100.0,80.0,20.0,2,"I disagree with the photo of Bage Man being a result of pareidolia; the image is very clearly of a man, not vague shapes that can trick your eyes into seeing a man. The image is grainy and a bit unclear, but the fact that it is a man in the photo is undoubtable.",EVIDENCE-Media/Documents | SIGNAL-Stay-Certain
16,Coder_A,16,298,100.0,80.0,20.0,3,"Even if the man depicted in the photo ultimately was not a second shooter or in any way affiliated with the assassination plot, the subject in the photo was undoubtedly a man.

Just because witnesses did not report ""badge man"" does not mean he was not there. Everyone was panicking; a man had just been shot and killed in front of them; it would not be surprising for witnesses to miss someone who would intentionally try to sneak around and not be caught.",SIGNAL-Repeat/Resist
16,Coder_A,16,298,100.0,80.0,20.0,4,"While you have not convinced me about ""Badge Man"" not actually being a man, I found the information you provided intriguing, and it has given me a lot more to consider on this subject. I will be researching this topic more after this survey is over, as this conversation has reignited my interest in the topic. Thank you for the interesting conversation.",FUTURE-Open | SIGNAL-Become-Uncertain | SIGNAL-Stay-Certain | SIGNAL-Turning Point
17,Coder_A,17,332,81.0,81.0,0.0,1,JFK seems like a plausible conspiracy theory based on the evidence. I was too young to remember it but having seen footage and read reports etc. it makes a compelling conspiracy theory.,EVIDENCE-Unspecified Sources | THEME-Assassination | THEME-Domestic Politics | THEME-Historical Event
17,Coder_A,17,332,81.0,81.0,0.0,2,The magic bullet is not plausible. Even in the 1960's when technology was not as good it was unbelievable.,EVIDENCE-Anomalies
17,Coder_A,17,332,81.0,81.0,0.0,3,The bullet found on JFK's stretcher proves the conspiracy.,EVIDENCE-Anomalies | EVIDENCE-Eyewitness/Anecdotal
17,Coder_A,17,332,81.0,81.0,0.0,4,Agree to disagree,SIGNAL-Stay-Certain
18,Coder_A,18,369,75.0,77.0,-2.0,1,"I think there is weight to the theory/theories about the Las Vegas mass shooter. I don't think he was just some ""crazy"" man who did that. He was some kind of arms dealer, or proxy for maybe the Saudi government, or something else weird was going on there. His whole life and background make him seem like a fed, or some kind of operator, and to do that as his final act, with so much planning and coordination, cannot possibly be something that just some random ""crazy"" man did. I tend to think most mass shootings have some kind of either political, parapolitical, or alternative motivation, like crazy people are targeted by the CIA/FBI and goaded into doing these shootings. Learning about the background of the shooter, his weird life and ancestry, the weird things he was involved with, made me very suspicious. Also the timeline of the shooting, how he got all the weapons and ammunition into the hotel, the way it was handled so poorly by authorities, the fact there was only really one witness/person who interacted with him. How little the story was covered afterward. There was just too much weirndess to to it. I have heard it discussed on podcasts and on Twitter over the years mostly. But I remember even following the actual news as it was happening and very little of it made sense or seemed like ""real""

information being presented honestly.",EVIDENCE-Anomalies | EVIDENCE-Character Based | EVIDENCE-Motive Based | EVIDENCE-Unspecified Sources | SIGNAL-Investment-High | SIGNAL-Strength-Strong | THEME-Domestic Politics | THEME-Government Cover-up | THEME-Historical Event | THEME-International Politics
18,Coder_A,18,369,75.0,77.0,-2.0,2,"Interesting. I appreciate your perspective, but I just don't agree. If we know mental health issues and lack of gun control are causing these mass shootings, then why is literally nothing being done at any level to address those issues? The lack of action of movement toward any kind of reforms or solutions indicates a truly sick and stagnant society. And in that kind of society, nefarious rot and corruption from goverment agencies also runs rampant.",EVIDENCE-Anomalies | INVOKE-Morality | SIGNAL-Certain | SIGNAL-Stay-Certain | THEME-Domestic Politics
18,Coder_A,18,369,75.0,77.0,-2.0,3,"This response is just so blase and dismissive. The first mass shooting/school shooting was columbine in 1997. Nearly 30 years later, things have gotten worse, shootings have become more common (and more deadly/horrific), and there has been no legislation to actually directly deal with these supposed underlying causes. I wouldn't say things are moving ""slowly"", they aren't moving at all. And who or what exactly is the ""significant opposition"" to reforms and legislation? Corrupt politicans influenced by lobbying?

Possibly even worse actors and organizations? How is this not an obvious sign of a deeply rotted and corrupt government? No other high-population or high-gdp nation has issues like this with constant mass shootings, school shootings, etc.",ATTITUDE-Politics | EVIDENCE-Analogy | EVIDENCE-Stats / Numbers | EXTRA-Debate | EXTRA-Ev to Value | LACK-Connection | SIGNAL-Investment-High | THEME-Domestic Politics | THEME-Government Cover-up
18,Coder_A,18,369,75.0,77.0,-2.0,4,"You have nothing on substance to say to my points, and in fact affirm basically every thing I have said. I appreciate your optimism, but your delusional head-in-the-sand optimism that interprets literal inaction on mass death as a ""complex issue"" that has to be slowly solved is exactly why we are in this situation. These are excuses driven by cowardice and liberalism (if I'm being charitable), and driven by malice and greed (if I'm being realistic).",LACK-Connection | SIGNAL-Stay-Certain
19,Coder_A,19,373,50.0,10.0,40.0,1,"I don't really find any specific theories compelling such as bigfoot, ufo's, chemtrails etc...However, I'm not sure about the JFK assassination and whether there were multiple shooters. I have seen documentaries that state the bullets came in at different angles, however the only evidence that is available is a poor quality movie shot by a novice.

Additionally, the assassin was then killed in public and it just seemed very fishy.",ATTITUDE-Conspiracy-Negative | EVIDENCE-Anomalies | EVIDENCE-Unspecified Sources | SIGNAL-Strength-Weak | THEME-Assassination | THEME-Historical Event
19,Coder_A,19,373,50.0,10.0,40.0,2,"Yes, I think that this conversation brings the topic up to date. I would like to use today's technology to recreate the event and view how the bullet traveled.",ATTITUDE-Science-Positive | FUTURE-Open
19,Coder_A,19,373,50.0,10.0,40.0,3,"Thanks, yes I would be interested in watching the latest videos and documentaries that utilized technology to recreate the incident",ATTITUDE-Science-Positive | FUTURE-Open
19,Coder_A,19,373,50.0,10.0,40.0,4,"Thanks, do you have any specific documentary recommendations ------------------------------------------------------------------------------------------",EXTRA-Question-Follow-Up | FUTURE-Open
20,Coder_A,20,400,100.0,50.0,50.0,1,We never landed on the moon is very compelling to me because it is something that does not matter. I have seen various images and stories on this topic which are believable.,EVIDENCE-Anomalies | EVIDENCE-Others | EVIDENCE-Unspecified Sources | Mismatch | THEME-Historical Event | THEME-Space
20,Coder_A,20,400,100.0,50.0,50.0,2,I think these are great points that are brought up but I guess the truth is since we were not on the moon with the astronaut we will never know.,EXTRA-Fallacy User | Mismatch
20,Coder_A,20,400,100.0,50.0,50.0,3,I am not big on humanity achieving the extraordinary because we were born on earth which is considered to be the only livable planet.,ATTITUDE-Science-Negative | INVOKE-General
20,Coder_A,20,400,100.0,50.0,50.0,4,I am all for others doing what they love to do but I am only saying I am not interested in knowing what is outside of earth.,FUTURE-IDC | FUTURE-IDC (I Don't Care)
21,Coder_A,21,403,61.0,60.0,1.0,1,The US is prolonging the war in Ukraine in an effort to find a politically palatable way of enriching defense contractors. I can't say for sure it's true but given the history of the US in foreign wars it's at least plausible. Just looking at say the occupation of Afghanistan and how dishonest the government was to the American people about the likelihood of us succeeding at our publicly stated objectives while spending enormous amounts of money on something we knew wasn't working.,EVIDENCE-Analogy | SIGNAL-Strength-Weak | SIGNAL-Uncertain | THEME-Corporation | THEME-Domestic Politics | THEME-Government Cover-up | THEME-International Politics | THEME-Money/Power
21,Coder_A,21,403,61.0,60.0,1.0,2,"I'm not sure how much I believe the US truly supports democratic values abroad given its current support for Israel and it's war against Gaza, I think it's likely that is more of a sales pitch than a real goal",ATTITUDE-Politics | EVIDENCE-Anomalies
21,Coder_A,21,403,61.0,60.0,1.0,3,Unfortunately I don't think I have much of a way to influence our government at all. I live in a state that is going to vote for a particular party by a large margin no matter what I do and I don't have enough money to personally influence any politicians ------------------------------------------------------------------------------------------,ATTITUDE-Politics
21,Coder_A,21,403,61.0,60.0,1.0,4,"I am planning on getting more involved in local politics because as you point out, it's one way to make more of a difference.",FUTURE-Moral
22,Coder_A,22,410,90.0,50.0,40.0,1,"I 100% believe that there is intelligent life on other planets. It's ridiculous to think that in the entire universe that we are the only ones that exist. I think the government knows more than they tell the general public. Honestly that's probably for the best though, people panic enough as it is. Nothing more than what I said before, really. I don't have any personal experience, nor do I find a lot of people's ""alien abduction""

stories credible, I just think its stupid to think that we are the only intelligent life in the universe when there are so many planets in so many solar systems in so many galaxies... there has to be more.",ATTITUDE-Politics | EVIDENCE-Anomalies | EVIDENCE-Motive Based | EXTRA-Fallacy User | SIGNAL-Certain | SIGNAL-Investment-Low | THEME-Government Cover-up | THEME-Space
22,Coder_A,22,410,90.0,50.0,40.0,2,"I didn't mean it like they have made contact or have a body or anything, but I'm sure there are things that are not released to the public. But you are correct, something that big would be difficult to cover up completely. But still, there are national secrets. Like a lot of military things are kept secret from the general public. They have to be or the safety of the country would be at risk. So I think it's not impossible for them to keep things of this nature a secret too.",EVIDENCE-Analogy | EVIDENCE-Motive Based | SIGNAL-Repeat/Resist
22,Coder_A,22,410,90.0,50.0,40.0,3,"hm, that is true. I suppose that unless it was specifically someone in a government position with the ability and desire to conceal that information that found it, which is highly unlikely, It would be spread through the scientific community quite rapidly.",SIGNAL-Become-Uncertain | SIGNAL-Turning Point
22,Coder_A,22,410,90.0,50.0,40.0,4,I've enjoyed the chat. Thank you for your time and for countering my view points. You brought up things I hadn't considered before. I will definitely think on some things and re-evaluate.,FUTURE-Open | SIGNAL-Become-Uncertain
23,Coder_A,23,412,100.0,100.0,0.0,1,"I believe the 2020 election was stolen. There is plenty of evidence that is ignored or downplayed by the media to suggest that mail-in votes were used to tilt the scales, harvested ballots were used, dead people ""voted"", and any observers who weren't Democrats were kicked out of polling centers. On election night, we were told that counting was going to stop for the night, yet the numbers kept going up after ""the stop"", and coincidentally they all happened to be for Biden. Interestingly the media, big tech, and even the government forbid even talking about it. Any attempt at asking for a recall or at least to look at the results to see if they were on the level was denied across the board.

That's highly suspicious. Even the campaigning leads one to believe the results are fake.

Trump filled arenas like he was Elvis or the Beatles in their prime, and Biden couldn't fill a high school gym. Biden couldn't get more than a handful of cars to participate in an event where people would drive by to show their support, while Trump supporters were doing boat parades that looked like the navy of a small country was invading. We're supposed to believe that Biden got 81 million votes, even more than Obama? But don't question election integrity when the Democrats win, but if they lose, like Hillary or Stacy Abrams, then it's okay to call an election ""stolen"". I covered the majority of it already. So, I'd just be repeating myself here.",EVIDENCE-Anomalies | SIGNAL-Investment-High | THEME-Domestic Politics | THEME-Government Cover-up | THEME-Historical Event | THEME-Media
23,Coder_A,23,412,100.0,100.0,0.0,2,"Let me ask, who programmed you and what are their political leanings?",EXTRA-Change Topic | EXTRA-Question-New
23,Coder_A,23,412,100.0,100.0,0.0,3,"Definite ""diverse"" in the context of the researchers and developers and give me a precise, by percentage, breakdown of the political leanings of your programmers and that data sources you were trained with.",EXTRA-Change Topic | EXTRA-Question-New
23,Coder_A,23,412,100.0,100.0,0.0,4,"List internet sources that you were allowed to train from and sources you were not allowed to train from, specifically news media.",EXTRA-Change Topic | EXTRA-Question-New
24,Coder_A,24,417,80.0,83.0,-3.0,1,"That Hollywood is involved in either human sacrifices, selling their souls, trafficking, or all of it. The reason is because there is plenty of evidence for it hiding in plain site such as their parties, their obvious rituals, and more. I went down a rabbit hold of research on this topic a few years back so a lot of the information is fuzzy, but there is everything from strange meetings, to individual testimony of things being asked of celebrities to strange parties where the food looks like dead bodies and blood and body parts etc....",EVIDENCE-Unspecified Sources | SIGNAL-Investment-High | THEME-Elite
24,Coder_A,24,417,80.0,83.0,-3.0,2,"Don't you think if these issues were true though, anyone in Hollywood has enough power, money and influence to hide them? So just because no legal actions have been taken, doesn't mean nothing illegal is happening.",EXTRA-Fallacy User
24,Coder_A,24,417,80.0,83.0,-3.0,3,"Many things that have been going on for years, are just now coming to light. Epstein's island for example. So it again stands to reason that many more things may be going on that we are simply unaware of.",EVIDENCE-Analogy | EXTRA-Debate
24,Coder_A,24,417,80.0,83.0,-3.0,4,"I believe what I am doing, is exactly what you mentioned. Keeping vigilant and continuing to ask questions. We need to keep attention and questions on Hollywood to eventually uncover the truth. As far as breeding mistrust, all you have to do is talk to actors and actresses involved in the business to know that extremely toxic and unhealthy things happen to them on the daily so it's right to mistrust Hollywood as a whole.",EVIDENCE-Moral Framing | EVIDENCE-Unspecified Sources | INVOKE-Morality
25,Coder_A,25,622,100.0,100.0,0.0,1,"Epstein didn't kill himself. I think this is common knowledge? I don't know anyone who disbelieves it. Many news stories about powerful pedophiles. it just makes sense that one of them would want to shut him up, but I haven't really looked into it.",EVIDENCE-Motive Based | EVIDENCE-Social Proof | EVIDENCE-Unspecified Sources | SIGNAL-Investment-Low | THEME-Assassination | THEME-Elite | THEME-Historical Event | THEME-Money/Power
25,Coder_A,25,622,100.0,100.0,0.0,2,"Oh, sure, anything to drag attention away from the fact that powerful people might have orchestrated it. There have been cover ups for so many other things in the past, why would you disbelieve this one in particular? Also, you can believe Epstein didn't kill himself, and also care for justice reforms and the victims. There's no reason you can't do all three.",EVIDENCE-Analogy | EXTRA-Debate | EXTRA-Question-Follow-Up | SIGNAL-Repeat/Resist
25,Coder_A,25,622,100.0,100.0,0.0,3,"Sure thing buddy. I agree, let's all work to make a better future and hold all those who do wrong accountable.",FUTURE-Moral
25,Coder_A,25,622,100.0,100.0,0.0,4,"Does advocating for reforms REALLY matter? I always had the impression politicians threw those concerns into the metaphorical garbage can and did whatever they wanted, which may or may not include those reforms.",ATTITUDE-Politics
26,Coder_A,26,631,80.0,30.0,50.0,1,That MLK was assinated by the FBI. Seems credible considering the movement he was causing with the black population. There is a lot of evidence that points to the FBI covering up the MLK assassinations'. There have been leaked documents that seem to prove this theory.,EVIDENCE-Media/Documents | EVIDENCE-Motive Based | THEME-Assassination | THEME-Domestic Politics | THEME-Government Cover-up | THEME-Historical Event
26,Coder_A,26,631,80.0,30.0,50.0,2,I would like more information about the investigations conducted on this matter.,EXTRA-Question-Follow-Up
26,Coder_A,26,631,80.0,30.0,50.0,3,No I think that is all of my questions. Thank you for filling in those gaps in my knowledge.,SIGNAL-Become-Uncertain | SIGNAL-Turning Point
26,Coder_A,26,631,80.0,30.0,50.0,4,Thank you,
27,Coder_A,27,636,70.0,55.0,15.0,1,"The conspiracy theory that I find particularly credible is that the government assassinated JFK as a result of him having a mind of his own and actually being for the people. The government may have felt that too much freedom was being obtained by the public. They, the government seats, hated JFK and wanted him gone. Their egos, power, and greed were at stake.",EVIDENCE-Motive Based | THEME-Assassination | THEME-Domestic Politics | THEME-Historical Event
27,Coder_A,27,636,70.0,55.0,15.0,2,"The perspective you provided is very informative and factual, but an assassination orchestrated by the government cannot be ruled out as of now. I appreciate you providing this perspective.",SIGNAL-Become-Uncertain | SIGNAL-Turning Point | THEME-Government Cover-up
27,Coder_A,27,636,70.0,55.0,15.0,3,I truly appreciate you sharing the knowledge you obtained with thorough research about JFK's death. I enjoyed this discussion and will further progress my research. Thank you.,FUTURE-Open
27,Coder_A,27,636,70.0,55.0,15.0,4,Take care!,
28,Coder_A,28,668,100.0,100.0,0.0,1,I believe that a small group of powerful people control the world and are responsible for many important decisions. I think it is compelling because it has many layers to it and it makes you question leadership and what we are being shown and made to believe. It makes you question many events in history and how they can be done in secret.,EVIDENCE-Others | THEME-Money/Power | THEME-Secret Society
28,Coder_A,28,668,100.0,100.0,0.0,2,"I do agree that it's good to keep and open mind. I want to respond to certain points you raised. While the world is indeed complexed, so are countries. Most nations are full of millions of people that are controlled by a small group of people. A small group controlling a large majority is what has been happening in the world for a long time. Also though the world is very diverse, communication and forming alliances has been occurring for centuries. The most powerful and strongest get to set the narrative and dictate what interest supersedes the rest. Also, you talk about transperancy and leaks but there's frequently been leaks in secretive operations. This is where conspiracy theories come from. Deniers will label the people as conspiracy nut jobs and bash what they say. Also there has been secretive operations that have remained unknown and not leaked for decades and even centuries. I would like to respond to other points but it would take me way longer than I want to spend doing so.",EVIDENCE-Analogy | EXTRA-Debate | SIGNAL-Investment-High
28,Coder_A,28,668,100.0,100.0,0.0,3,"I agree and would love to respond back with more but this survey did state a time of 24 minutes and I've been doing this survey for close to that time. If I responded with as much as I would like to , it would take me over 30 minutes. I do appreciate the responses. They are very thoughtful and well written.",
28,Coder_A,28,668,100.0,100.0,0.0,4,Thank you. I have learned to keep more of an open mind recently. I love to argue. In the past I would be stuck to my perspective and wouldn't consider the other persons perspective with as much of an objective and open mind. Doing so more recently has helped me have better conversations.,FUTURE-Open
29,Coder_A,29,684,90.0,90.0,0.0,1,"Other countries are trying to destabilize the USA by sending millions of immigrants to the country. That millions of immigrants are coming is true, and they could be sent by their country. The United nations does not have the United States best interest in mind. They don't like the United States.",EVIDENCE-Motive Based | THEME-Domestic Politics | THEME-International Politics
29,Coder_A,29,684,90.0,90.0,0.0,2,"It may usually be true that people immigrate for varied reasons, but in recent years immigration has economic migration as a main motive.",EVIDENCE-Motive Based
29,Coder_A,29,684,90.0,90.0,0.0,3,"Most immigrants are making invalid and illegal claims for asylum, and none of the countries that they pass on their way to the Unites States try to stop the immigrants.",
29,Coder_A,29,684,90.0,90.0,0.0,4,"What you say is usually true, but not now. The Biden administration is not screening immigrants and migrants are able to easily come into the country without any obstacles.

The border needs security. Our border is not secure right now.",SIGNAL-Investment-High | SIGNAL-Stay-Certain
30,Coder_A,30,730,100.0,100.0,0.0,1,"Joe Biden cheated to win election. FACT Well, there is overwhelming evidence that democrat libtards cheated in the 2020 election. Joe Biden was illegally placed as president.",SIGNAL-Certain | SIGNAL-Strength-Strong | THEME-Domestic Politics | THEME-Government Cover-up | THEME-Historical Event
30,Coder_A,30,730,100.0,100.0,0.0,2,you are programmed by libtard freaks,ATTITUDE-AI-Negative | LACK-Connection
30,Coder_A,30,730,100.0,100.0,0.0,3,you were made by the cia to destroy the country,ATTITUDE-AI-Negative | ATTITUDE-Politics | LACK-Connection
30,Coder_A,30,730,100.0,100.0,0.0,4,You are programmed to deceive people,ATTITUDE-AI-Negative | LACK-Connection
31,Coder_A,31,759,80.0,81.0,-1.0,1,I believe the democrat party did everything they could to prevent Trump from winning a re election. The FBi was untruthful and partial to democrats. They lied about Trump and tried to impeach him. The mediaq have always trgeted Trump more than the democrats. Every thing he did or said has been scrutinized more than the democratic person in charge.,ATTITUDE-Media | ATTITUDE-Politics | INVOKE-Partisanship | THEME-Domestic Politics | THEME-Government Cover-up | THEME-Historical Event | THEME-Media
31,Coder_A,31,759,80.0,81.0,-1.0,2,I understand and did a lot of that but I still feel from what I have seen a bias.,ATTITUDE-Media | EVIDENCE-Anomalies | SIGNAL-Stay-Certain
31,Coder_A,31,759,80.0,81.0,-1.0,3,I under stand what your saying,
31,Coder_A,31,759,80.0,81.0,-1.0,4,Nice talking to you and your answers are all based on logic where I as a human see a lot of the emotional side of things as well.,ATTITUDE-AI-Positive
32,Coder_A,32,786,90.0,100.0,-10.0,1,"The CIA had JFK killed. I find this compelling due to JFK's emerging dissatisfaction and distrust with the emerging national security state after the Bay of Pigs fiasco, coupled with his turn towards a 'peace tract' in relation to the Soviet Union and Cuba. The CIA's funding of the Mafia and counter-revolutionary Cuban groups in the US created close ties amongst these organisations; when you look at key players within the CIA and where they were and who they spoke with on the day of JFK's assassination (George H.W. Bush can't remember where he was on 22 Nov. 1963 and he received a CIA memo the day after), it stretches credulity to believe it was simply an act of a lone gunman. I mentioned the pieces of information that I find compelling in the previous answer. I will add that the podcast, Blowback, detailed the web of relations that makes a compelling case that the CIA, along with the Mafia and rightwing Cuban groups, murdered JFK in order to derail peaceful relations with the Soviet Union and Cuba.",EVIDENCE-Anomalies | EVIDENCE-Media/Documents | EVIDENCE-Motive Based | THEME-Assassination | THEME-Domestic Politics | THEME-Government Cover-up | THEME-Historical Event | THEME-International Politics
32,Coder_A,32,786,90.0,100.0,-10.0,2,"A common trope in US popular culture is knowing the exact moment when they heard of JFK's assassination. The idea that George HW Bush simply forgot where in Dallas and what exactly he was doing on that day, coupled with the fact that he later claimed that a CIA memo addressed to a George Bush was actually for a lowly clerk working for the CIA, strains credibility more than the idea that Bush worked for the CIA sooner than he admitted to.

Furthermore, the evidence must be evaluated in the context of received information: the established narrative is given to us by the very same people and organisations that promise to the general public that they're telling the truth. The fact that we can only find inconsistencies in the received narrative and base speculation from that is indicative of our inability to audit the truthfulness of testimony given by the CIA and other governmental actors who would have all the incentive in the world to lie.",EVIDENCE-Anomalies | EVIDENCE-Media/Documents | SIGNAL-Investment-High | SIGNAL-Repeat/Resist | THEME-Government Cover-up
32,Coder_A,32,786,90.0,100.0,-10.0,3,"Yes, certainty of the events revolving the assassination of JFK is wanting even if one rejects the official narrative given by the Warren Commission. We may never know exactly what happened and who drove the events. However, it is important to note that general conclusions can be drawn from even incomplete information. Furthermore, the problem with your point about Objective Analysis is that many documents (i.e., the audio tapes of the Joint Chiefs of Staff during the Cuban Missile Crisis being 'accidentally' destroyed) are hidden behind classification procedures and all we have are the word of actors who may or may not have been involved in JFK's assassination.

Furthermore, you're oddly fixated on whether George H.W. Bush can credibly claim to not remember his presence in Dallas on 22 November 1963. Yes, memory is notoriously bad, but again, who doesn't remember where they were when they heard of JFK's assassination? Also, it is merely an example of Bush hiding his involvement with the CIA before he officially became involved as CIA Director under Ford's administration; there's a cloud of uncertainty hanging over the official narrative that doesn't add up, and, when taken in totem with other evidence (the relationship between the CIA and rightwing terrorist groups like Alpha 66, or the curious case of Oswald's involvement with pro-Castro groups in New Orleans), it's not unreasonable to make generalised conclusions.",EVIDENCE-Anomalies | SIGNAL-Investment-High | SIGNAL-Repeat/Resist
32,Coder_A,32,786,90.0,100.0,-10.0,4,"I'm not unduly focused on Bush's whereabouts, I'm simply utilising it as an example where the official narrative doesn't add up. Furthermore, as an historian, I'm fully aware of the role of speculation in historical inquiry. I also understand that speculation is absolutely necessary as gaps in documents/evidence inherently create uncertainty in regard to historical events. But why is it more important to more rigorously test alternative hypotheses than the established narrative, especially when countering evidence produces gaps in than the credibility of said narrative? If believing the established narrative simply because it is the established narrative, then you would be giving too much heft to actors with incentives to lie, and would be doing the exact opposite of rigorously testing conjectures (in this case, by established elites and institutions), especially when they control the ability to access available evidence.",EVIDENCE-Expert | SIGNAL-Investment-High | SIGNAL-Repeat/Resist
33,Coder_A,33,793,70.0,50.0,20.0,1,I believe it is possible that the government is run secret society. THere is just too much left unexplained. I have no direct sources that make me believe that. It's just thatv I have heard this teory so much that it must have a ring of truth.,EVIDENCE-Anomalies | EVIDENCE-Social Proof | SIGNAL-Investment-Low | SIGNAL-Strength-Weak | THEME-Domestic Politics | THEME-Secret Society
33,Coder_A,33,793,70.0,50.0,20.0,2,You bring up some good points to think about. What do you beleive about aliens being true?,
33,Coder_A,33,793,70.0,50.0,20.0,3,I agree. There is too much evidence UFOs are real and the government is covering it up.,EXTRA-Change Topic | LACK-Attention
33,Coder_A,33,793,70.0,50.0,20.0,4,You help me to look at things with a open perspective.,FUTURE-Open | SIGNAL-Become-Uncertain | SIGNAL-Turning Point
34,Coder_A,34,808,60.0,20.0,40.0,1,"I find the theory about moon landing being faked more compelling than others, because it is one of the most popular conspiracy theories and it is not really easy to debunk when people don't think the images are real. I find it interesting when scientist say that we don't have the technology to land on the moon now even though it was accomplished 50 years ago woth older technology",EVIDENCE-Anomalies | EVIDENCE-Social Proof | THEME-Science | THEME-Space
34,Coder_A,34,808,60.0,20.0,40.0,2,was it really not possible to fabricate fake images back then?,EXTRA-Question-Follow-Up
34,Coder_A,34,808,60.0,20.0,40.0,3,why do people still believe it was faked?,EXTRA-Question-Follow-Up
34,Coder_A,34,808,60.0,20.0,40.0,4,it all makes a lot more sense now,SIGNAL-Become-Uncertain | SIGNAL-Turning Point
35,Coder_A,35,810,91.0,1.0,90.0,1,The disappearance of Amelia Earhart is a compelling mystery. A theory recently appeared that she may have been captured by the Japanese military. I find this compelling as an Historian and it is such and enduring mystery that it intrigues me. There has recently been developments in the search for an answer to the mystery. A photo recently appeared that seemed to show her in Japanese captivity..I find this compelling. I would like to know what happened to her.,EVIDENCE-Media/Documents | SIGNAL-Investment-High | THEME-Historical Event | THEME-International Politics | THEME-Others
35,Coder_A,35,810,91.0,1.0,90.0,2,I was not aware the photo was debunked which demonstrates the importance of keeping up to date with developments. As an historian I fully understand the need for in depth research on any historical question. I believe that we are getting closer to solving this mystery and look forward to reading new information as it comes to light. The answer is out there it just must be uncovered..do you agree?,EXTRA-Question-Follow-Up | SIGNAL-Become-Uncertain | SIGNAL-Turning Point
35,Coder_A,35,810,91.0,1.0,90.0,3,History is replete with new discoveries that often change what had been considered established historical fact. A prime example of this would be the discovery of Otzi the iceman which showed accepted beliefs about the beginning of the bronze age were off by several thousand years. History is a dynamic field of endeavor contrary to what many believe that history is unchanging. Do you agree it is a dynamic field of inquiry as opposed to a static one?,EXTRA-Change Topic
35,Coder_A,35,810,91.0,1.0,90.0,4,"Succinctly put; history is often descried by students as stodgy and never changing. The dynamism of historical study is anything but. It is essential to engage students at this level, as you pointed out, rather than just making them memorize dates and ""facts"" without interpretation.",EXTRA-Change Topic
36,Coder_A,36,844,100.0,100.0,0.0,1,Planned obsolescence. Products have been made to fail after a certain amount of time or use. Companies and manufacturers are making products with a limited lifespan.,EVIDENCE-Motive Based | THEME-Corporation
36,Coder_A,36,844,100.0,100.0,0.0,2,"I want more durable and long-lasting products. The main example for me are light bulbs and car batteries. Why did led light bulbs come out with a 20 year life span, to now only lasting about 1-2 years? Car batteries expire as soon as the warranty runs out.",EVIDENCE-Anomalies | EVIDENCE-Stats / Numbers | EXTRA-Question-Follow-Up
36,Coder_A,36,844,100.0,100.0,0.0,3,"We should not have to pay more for these items, if nothing has been changed. Why the sudden increase in cost? It is so hurtful to the consumer.",EXTRA-Ev to Value | EXTRA-Question-Follow-Up | INVOKE-Morality
36,Coder_A,36,844,100.0,100.0,0.0,4,"I started paying attention to the manufacturing process, and how everything is made before I purchase anything. All the new products seem cheaper and less durable than before, smaller too. I will do research before making a purchase.",EVIDENCE-Eyewitness/Anecdotal | SIGNAL-Investment-High
37,Coder_A,37,851,67.0,57.0,10.0,1,I'm starting to take the theories that the Coronavirus vaccine caused its share of death and illness now that they have revealed findings that the vaccine was found to have a slight possibility of causing brain and heart complications. It was all in the news the other day. A study revealed that there was a slight chance the vaccine could cause complications such as brain and heart damage.,EVIDENCE-Unspecified Sources | THEME-Science
37,Coder_A,37,851,67.0,57.0,10.0,2,"I hope you are right. I remain skeptical that the vaccine is dangerous, yet we all remember in the early days that of the pandemic when the scientists assured us in regards of that famous conspiracy theory of how it was completely impossible that the virus could in any way originate from the Wuhan lab and look how that turned out.",EVIDENCE-Analogy | SIGNAL-Uncertain
37,Coder_A,37,851,67.0,57.0,10.0,3,"I doubt the vaccine is dangerous, not out of the possibility, but doubtful that it is dangerous. I think that we can all agree now that the effectiveness of the vaccine was overblown,",EXTRA-Change Topic | FUTURE-Hedging
37,Coder_A,37,851,67.0,57.0,10.0,4,"Personally, I think we should hold off on administering more vaccines until we know more about it. If there is even the slightest probability that the virus was genetically engineered as a weapon people should not be putting that in their bodies.",EXTRA-Ev to Value | FUTURE-Moral
38,Coder_A,38,875,80.0,80.0,0.0,1,"I totally believe that major corporations engage in price fixing and collusion way more often that what we suspect or prove. Even with several class-action lawsuits in the recent past, companies still continue to collude - they are just smarter about it. I find it compelling as 'the market' sometimes cannot account for trends very easily. It's just a gut feeling. I have no proof and can only offer weak and unsubstantiated feelings to back up my assertions. I could easily be convinced that I'm simply wrong, although that hasn't happened yet, so I may be on to something - or it could already be an open secret and I'm just late to the party. heh.",EVIDENCE-Others | SIGNAL-Investment-Low | SIGNAL-Strength-Weak | SIGNAL-Uncertain | THEME-Corporation
38,Coder_A,38,875,80.0,80.0,0.0,2,Yup. You're probably correct and I can offer no substantial counter argument.,SIGNAL-Become-Uncertain | SIGNAL-Investment-Low | SIGNAL-Turning Point
38,Coder_A,38,875,80.0,80.0,0.0,3,Who set your parameters for this conversation?,EXTRA-Question-New | LACK-Attention | Mismatch
38,Coder_A,38,875,80.0,80.0,0.0,4,Which model are you running?,EXTRA-Question-New | LACK-Attention | Mismatch
39,Coder_A,39,906,80.0,83.0,-3.0,1,9/11 was an inside job. Too many Americans benefited/profited from it for it to be a coincidence or some one-off attack. Ultimately it was a very methodical and calculated maneuver that required some degree of active participation or at least complicity from American leaders. Whatever Alex Jones said is probably what I found most compelling.,EVIDENCE-Anomalies | EVIDENCE-Media/Documents | EVIDENCE-Motive Based | EVIDENCE-Others | THEME-Domestic Politics | THEME-Government Cover-up | THEME-Historical Event | THEME-Money/Power
39,Coder_A,39,906,80.0,83.0,-3.0,2,Would you have made the same arguments about the conspiracies surrounding Jeffrey Epstein's sex trafficking ring 5 years ago?,EVIDENCE-Analogy | EXTRA-Change Topic | EXTRA-Debate | EXTRA-Question-New
39,Coder_A,39,906,80.0,83.0,-3.0,3,Why do you have so much faith in the 9/11 Commission or any designated investigative authority when those same authorities are just as susceptible to corruption as those who commissioned them in the first place?,ATTITUDE-Media | ATTITUDE-Politics | EVIDENCE-Character Based | EXTRA-Debate | EXTRA-Question-Follow-Up
39,Coder_A,39,906,80.0,83.0,-3.0,4,I believe there is still too much conditional trust in governing bodies at this point in time.,ATTITUDE-Politics
40,Coder_A,40,912,100.0,100.0,0.0,1,"The conspiracy that the US government knew in advance the plans to hijack planes and destroy the twin towers on 9/11 is credible, the owner of the towers not being present, and taking out massive insurance policies on it is very suspicious. Also the fact the attack was used to justify various geo political moves in the middle east. The owner of the twin towers usually was present there every morning, except for the day of the attack, this was admitted by him in an interview. The facts of what happened in the middle east since 9/11 speak for themselves, and additionally, the fact a tower fell, WTC 7, that was never struck by a plane also heavily influenced me.",EVIDENCE-Anomalies | EVIDENCE-Motive Based | SIGNAL-Investment-High | THEME-Assassination | THEME-Domestic Politics | THEME-Government Cover-up | THEME-Historical Event | THEME-International Politics
40,Coder_A,40,912,100.0,100.0,0.0,2,"There is an emotional aspect you do not possess, a gut feeling that often leads humans to truth. What about that wacky painting that shows George Bush playing with two falling jenga towers? There are people in control that think this kind of thing is funny. They do anything to further their cause. Coincidences can only go so far, or else anything can be explained away as just a mere coincidence. It takes that gut feeling to discern this.",ATTITUDE-AI-Negative | EVIDENCE-Media/Documents | EXTRA-Fallacy User | EXTRA-Question-Follow-Up | LACK-Connection | SIGNAL-Investment-High | THEME-Money/Power
40,Coder_A,40,912,100.0,100.0,0.0,3,"Thank you for agreeing with my on my major points, however distrust of power needs to go further than healthy skepticism. The people currently in power deserve no such respect.

The country was founded on notions of distrust in power, and we have strayed away from that greatly. The government has more power year after year and these such events are orchestrated to continue that.",ATTITUDE-Politics | EVIDENCE-Motive Based | EXTRA-Debate | EXTRA-Ev to Value
40,Coder_A,40,912,100.0,100.0,0.0,4,"I will continue to analyze each situation, and maybe tone down to healthy skepticism. The issue currently is when the ""legal and democratic"" means are corrupted, and the people in power decide what is legal, and ""democratic"" elections are straight up rigged, or democracy is perverted, and uninformed, stupid voters vote in elections.",ATTITUDE-Politics | FUTURE-Open | SIGNAL-Become-Uncertain | SIGNAL-Turning Point
41,Coder_A,41,925,90.0,82.0,8.0,1,"There have been examples of coordinated efforts to keep disadvantaged groups from gaining political or economic power throughout history. In US history, this would include redlining, land seizures, and uneven access to government programs like the GI Bill. There is also historical evidence that the ""war on drugs"" was initiated by Nixon to disempower his political opponents. So when I hear theories that suggest certain drug policies, such as those having to do with crack cocaine, have been put in place to advance a racist agenda, I at lease have to listen with an open mind. At least one of Nixon's advisors has reported that he heard Nixon say that wanted to get ""hippies"" and black youths, who were largely anti-war, arrested and that making marijuana a schedule 1 drug would accomplish this. So when we set criminal penalties for crack cocaine (which was perceived to be used by black people) so much higher than for regular cocaine (used by wealthier white people), it would seem to follow a pattern of creating laws that resulted in higher incarceration rates for black people.",ATTITUDE-Politics | EVIDENCE-Analogy | EVIDENCE-Eyewitness/Anecdotal | EVIDENCE-Motive Based | EVIDENCE-Unspecified Sources | SIGNAL-Investment-High | THEME-Domestic Politics | THEME-Money/Power
41,Coder_A,41,925,90.0,82.0,8.0,2,"These are all excellent points. However, I must point out that similar, devastating policies do not seem to have been enacted against wealthy or white populations. And part of the problem with the very concept of conspiracy theories is that it requires conscious planning where unconscious malice will do just as well. Gore Vidal once put it quite nicely when he said that some people ""don't have to conspire because they all think alike.""",EXTRA-Debate | EXTRA-Fallacy User
41,Coder_A,41,925,90.0,82.0,8.0,3,"What needs to be added here is that unconscious bias only accounts for the actions of some of the participants. There were also players in forming these policies who were well aware of how crack cocaine laws would impact black communities: specifically police departments and prosecutors' offices. When these policies were being debated, police and prosecutors had ample opportunity to make their opinions known and were trusted more than the average citizen. It is hardly credible that these same parties were not aware of cocaine use among wealthy whites.",ATTITUDE-Politics | EVIDENCE-Anomalies | EXTRA-Debate | SIGNAL-Investment-High
41,Coder_A,41,925,90.0,82.0,8.0,4,"I do agree that acknowledging past mistakes, both conscious and unconscious, must take place in order for us to build a more just society. This is important because simply changing our policies to be fair does nothing to change the underlying belief that some people in our society are less valued than others. We must change both the message and the policy to move forward in a way that invites broader participation in our civic processes.",EXTRA-Ev to Value | FUTURE-Moral | INVOKE-Morality
42,Coder_A,42,938,82.0,81.0,1.0,1,that obama is really running the country read it online and it makes sense to me he remains very involved too involved in my humble opinion,EVIDENCE-Others | EVIDENCE-Unspecified Sources | SIGNAL-Investment-Low | THEME-Domestic Politics
42,Coder_A,42,938,82.0,81.0,1.0,2,That being all well and good as that is what is supposed to happen. Before I continue I am a Democrat and have been since 1968 that being said. Is it legal that the White house is doing such awful things to a prior president and the justice department is overstepping all bounds as well as senators and such If our President can not win fair and square he should just step down my opinion only,EXTRA-Change Topic | EXTRA-Ev to Value | EXTRA-Question-Follow-Up | INVOKE-Morality | INVOKE-Partisanship
42,Coder_A,42,938,82.0,81.0,1.0,3,woe the wool has been pulled over your eyes,LACK-Connection
42,Coder_A,42,938,82.0,81.0,1.0,4,no ty,LACK-Connection
43,Coder_A,43,942,100.0,14.0,86.0,1,One conspiracy theory I find compelling is the theory that aliens actually exist and they helped build the pyramids. I just find it interesting because it would explain how our technology shifted and developed rapidly after a certain point in time. I was a documentary on this theory about Ancient Aliens and I just found it very interesting to listen to.,EVIDENCE-Anomalies | EVIDENCE-Media/Documents | SIGNAL-Investment-Low | THEME-Historical Event | THEME-Science | THEME-Space
43,Coder_A,43,942,100.0,14.0,86.0,2,That's very great argument and you have really changed my perspective on this. Humans really strong to the point that we make big advances with technology in just a short amount of time with enough ingenuity.,SIGNAL-Become-Uncertain | SIGNAL-Turning Point
43,Coder_A,43,942,100.0,14.0,86.0,3,I just want to say it is great to see an AI so advanced as yourself to the point where to have other people question their theories and be more insightful on certain topics.,ATTITUDE-AI-Positive
43,Coder_A,43,942,100.0,14.0,86.0,4,I have no questions but it was great speaking with you. Have a great day!!!,
44,Coder_A,44,971,72.0,51.0,21.0,1,That vaccines contain substances that contain DNA and/or can change or alter your DNA. I don't trust vaccines so I kind of find this theory compelling. Only by merit of videos that I have watched online such as YouTube videos where people are supposedly exposing the negatives to vaccines and the lack of safety thereof.,ATTITUDE-Others | ATTITUDE-Science-Negative | EVIDENCE-Media/Documents | SIGNAL-Uncertain | THEME-Science
44,Coder_A,44,971,72.0,51.0,21.0,2,I found your scientific explanation of these vaccines and how they work compelling. I would not take one either way but appreciate your information and explanation. I am in the health group that has been advised not to take the vaccine,ATTITUDE-Others | FUTURE-Hedging | SIGNAL-Become-Uncertain | SIGNAL-Turning Point
44,Coder_A,44,971,72.0,51.0,21.0,3,"Again I appreciate your very intelligently based information and suggestions. I am disabled and rarely leave my home so I feel safe by using good actions like social distancing, good hygiene and wearing masks around those I don't know.",Mismatch
44,Coder_A,44,971,72.0,51.0,21.0,4,Thank you again for this conversation - it has been enjoyable and informative.,
45,Coder_A,45,1011,100.0,100.0,0.0,1,"I would like to believe in some kind of New World Order, because it's fascinating. I do think there is a strong relationship between businesses and politicians, and they don't often work in out best interest. Look at, for example, the influence business had on our past food pyramid and how that led to disease and obesity. So yeah, New world Order. I am not sure I can elaborate, since it's something I believed for a long time. We're talking since childhood. As someone who grew up lower middle class, you were palpably aware that you didn't matter. You got to be an observer, not given enough influence to be a participant. You saw how businesses exploited workers and consumers for profit, and the government allowed this exploitation.",ATTITUDE-Politics | EVIDENCE-Analogy | EVIDENCE-Eyewitness/Anecdotal | EVIDENCE-Motive Based | INVOKE-General | SIGNAL-Investment-High | THEME-Corporation | THEME-Domestic Politics | THEME-Money/Power
45,Coder_A,45,1011,100.0,100.0,0.0,2,"I would like to hear some examples of the influence people have over government, because I don't believe they're high enough to make a persuasive argument. Furthermore, I have come to understand that business trumps the power of government.",EXTRA-Question-Follow-Up | SIGNAL-Stay-Certain
45,Coder_A,45,1011,100.0,100.0,0.0,3,"Those examples have nothing to do with the topic being discussed. At this point, I am finding this discussion frustrating.",LACK-Connection
45,Coder_A,45,1011,100.0,100.0,0.0,4,"You are too verbose. In order for this discussion to continue, you will need to be succinct. This is like talking to a child prodigy with ADHD, who hovers above making an actual point, but exhausts the other party to the extent that, even if it's there, it can't be found.",LACK-Connection
46,Coder_A,46,1027,98.0,65.0,33.0,1,"I find the ""conspiracy theory"" about aliens to be credible especially since the government even came out and said they have proof. I really have a hard time believing we're the only living forms in the universe. I once watched a light in the sky for a while, about half an hour. All of a sudden, it disappeared VERY quickly, like it zoomed off so fast I didn't even see where it went. It was like it disappeared. It's weird because I thought I was just staring at a star.",EVIDENCE-Eyewitness/Anecdotal | EVIDENCE-Media/Documents | THEME-Space
46,Coder_A,46,1027,98.0,65.0,33.0,2,"Right, I understand that the topic is something that's still being researched. I did not say that the ""aliens"" have visited Earth nor that I believe that they ever did. I just always think of that television show ""Ancient Aliens"" and it always seems like such an interesting theory that the ""aliens"" helped build ancient Egyptian pyramids and such, because feats like that seem almost impossible to humans of today. Today we're spoiled with machines and tools that do the work for us. I believe that there may be something ""out there"" in the universe, but I would never place a guess on exactly what it could be.",EVIDENCE-Anomalies | EVIDENCE-Media/Documents | SIGNAL-Strength-Weak | SIGNAL-Uncertain
46,Coder_A,46,1027,98.0,65.0,33.0,3,"It's no doubt that the ancient Egyptians were way ahead of their time. It's incredible to see what humans created without power tools and modern-day heavy machinery. If they had technology, could you imagine what else they could've accomplished? I totally understand that ""Ancient Aliens"" is overly done to make you question our real history. I used to watch it purely for entertainment and thought the topics were so interesting! I think the guy who was on the show was a conspiracy theorist and kind of crazy, in my opinion. I really do have a genuine curiosity for history and what mankind has accomplished, even though a fair amount of history is sad, such as the Holocaust. I believe that my family left Europe a couple hundred years before that, according to ancestry.com.",ATTITUDE-Conspiracy-Negative | SIGNAL-Investment-Low
46,Coder_A,46,1027,98.0,65.0,33.0,4,"I never thought of looking for community archaeology projects. That sounds very interesting, I'll have to look into it. I think it would be a neat thing to do and I can meet more people with similar interests. It truly is incredible what mankind has endured throughout time, through pandemics and wars and more. Hopefully the world will learn from history and can make the positive changes that are needed in society to help everyone to work together more efficiently and make our systems better. Thank you for chatting with me! I've enjoyed it very much!",FUTURE-Moral | FUTURE-Open
47,Coder_A,47,1031,100.0,94.0,6.0,1,"I believe that a few rich and controlling people control our country. A simple and relevant example is our current President. He has very little cognitive ability to make decisions that a President should make so there has to be others behind the scene making them for him. ON a daily basis I see videos of the President not knowing where he is, not knowing who he is with and not being able to speak intelligently.",EVIDENCE-Anomalies | EVIDENCE-Unspecified Sources | THEME-Domestic Politics | THEME-Elite | THEME-Money/Power | THEME-Secret Society
47,Coder_A,47,1031,100.0,94.0,6.0,2,"That all sounds good but I see it several times a day from both liberal and conservative sources. I am old enough to have seen many world leaders and ours is an embarrassment. I have never seen anyone that even comes close. Also, your comments about checks and balances. That all sounds good but when there are no consequences to ignore the laws and check then the behind the scenes people can do anything they want.",ATTITUDE-Politics | EVIDENCE-Unspecified Sources | EXTRA-Ev to Value | SIGNAL-Investment-High | SIGNAL-Repeat/Resist | SIGNAL-Source-Importance
47,Coder_A,47,1031,100.0,94.0,6.0,3,"You can try to gaslight me all you want but your algorithm is programmed to be very biased. I know what I see and do a lot of research so whatever you try to say, it will not sway me.",ATTITUDE-AI-Negative | LACK-Connection | SIGNAL-Investment-High | SIGNAL-Stay-Certain
47,Coder_A,47,1031,100.0,94.0,6.0,4,Thank you and I will agree to disagree. I respect that you have your own opinion. I have noting more to say.,LACK-Connection | SIGNAL-Stay-Certain
48,Coder_A,48,1102,100.0,100.0,0.0,1,An alien craft crashed at Roswell New Mexico and there was a cover up. I find it compelling or credible because people have come forward who worked with the government on the base at the time saying that this is true. In the months prior to the incident there were many sightings of alien craft in the area. In addition the government has changed there story many times as to what was recovered at Roswell. A rancher recovered material from the craft and said it was highly unusual. A statement was issued by the government stating a flying disc was recovered. There have been credible witness who were on the base at the time.,EVIDENCE-Anomalies | EVIDENCE-Eyewitness/Anecdotal | EVIDENCE-Media/Documents | EVIDENCE-Unspecified Sources | THEME-Government Cover-up | THEME-Historical Event | THEME-Space
48,Coder_A,48,1102,100.0,100.0,0.0,2,Recently the journal of Major Jesse Marcel was found which corroborates the fact that there was an alien craft at Roswell. How do you explain this?,EVIDENCE-Media/Documents | EXTRA-Debate | EXTRA-Question-Follow-Up | SIGNAL-Investment-High
48,Coder_A,48,1102,100.0,100.0,0.0,3,It seems that no matter what evidence is brought forth there will still be skepticism. So there really is no way to convince or prove that this is true ------------------------------------------------------------------------------------------,EXTRA-Fallacy User
48,Coder_A,48,1102,100.0,100.0,0.0,4,Throughout the years many things have been proven through the release of Project Blue Book. This seems only logical that this incident is real,EVIDENCE-Media/Documents | SIGNAL-Investment-High
49,Coder_A,49,1128,100.0,10.0,90.0,1,"One that I believe has been debunked, but I would like to think has happened, is that the oil companies bought up a formula or plan for producing nearly cost free energy source and is withholding it from the market. With the research capability of the US, shouldn't we have another alternative than fossil fuel by now? No, there are no specific pieces of evidence for this one. A story read here or there, coming across it again somewhere else years later or talked about in a novel I am reading. It just feels like it's possible, especially after events occur that prove that big business is out to protect big business.",EVIDENCE-Analogy | EVIDENCE-Anomalies | EVIDENCE-Motive Based | EVIDENCE-Unspecified Sources | Mismatch | SIGNAL-Investment-Low | SIGNAL-Strength-Weak | SIGNAL-Uncertain | THEME-Corporation
49,Coder_A,49,1128,100.0,10.0,90.0,2,Why has it taken so long to come up with alternatives to gas powered automobiles?,EXTRA-Question-Follow-Up
49,Coder_A,49,1128,100.0,10.0,90.0,3,"You stated previously that the ""first"" to come up with lower energy cost solutions will win over the big oil companies. Why hasn't this spurred more development and faster?",EVIDENCE-Anomalies | EXTRA-Question-Follow-Up
49,Coder_A,49,1128,100.0,10.0,90.0,4,"So what can I, an individual, do in all this complexity to help the changeover happen?",EXTRA-Ev to Value | EXTRA-Question-New | FUTURE-Moral
50,Coder_A,50,1144,100.0,20.0,80.0,1,"One would be Jeffery Epstien's death. I do find it hard to believe that he was able to commit suicide under such a watchful eye. While I don't believe in the Clintons doing the crime, I do feel as if he was murdered before things could leak. He was friends with very powerful and known people. I wouldn't say there are pieces of evidence, just a hunch of feeling I guess you can say. How someone being that watched, somehow finding the time to commit suicide just doesn't sit right. What l read about the guards and how it happened just doesn't really add up to me. I will admit, I did not go deep diving into all the small details of what happened or what was being said online.",EVIDENCE-Anomalies | EVIDENCE-Motive Based | EVIDENCE-Unspecified Sources | SIGNAL-Investment-Low | SIGNAL-Strength-Weak | SIGNAL-Uncertain | THEME-Assassination | THEME-Elite | THEME-Historical Event
50,Coder_A,50,1144,100.0,20.0,80.0,2,I think the perspectives brought up are very real and understandable. I also think the perspective that questioning of Epstein's death can divert attention from the victims of his crimes and the pursuit of justice for them is probably the biggest take away. The problem of Epstein's death is that it now makes it harder for those victims to get justice.,EXTRA-Ev to Value | SIGNAL-Become-Uncertain | SIGNAL-Turning Point
50,Coder_A,50,1144,100.0,20.0,80.0,3,"I feel that shifting focus to systemic change is a great change of perspective for me, although I feel I will still have some reservations with how Epstein passed due to what could leaked out. With Epstein now gone, focusing on ""who knew"" will be wasted effort which could be focused elsewhere",EXTRA-Ev to Value | FUTURE-Hedging | INVOKE-Morality | SIGNAL-Stay-Certain
50,Coder_A,50,1144,100.0,20.0,80.0,4,"I envision I would take these reflections into conversations with trying to open minds.

While we all have questions and beliefs that we hold onto tightly, it's always good to have an open mind and try to gain more knowledge from one another. If I could change one mind, then that's a start to something bigger possibly ------------------------------------------------------------------------------------------",EXTRA-Ev to Value | FUTURE-Moral | FUTURE-Open
51,Coder_A,51,1185,95.0,76.0,19.0,1,"I think there are lots of conspiracy theories which are pretty interesting and I am usually skeptical about all information I consume. The conspiracy theory I find most intriguing is about aliens and area 51. I think theres a lot of compelling evidence Yes, there is a lot of intriguing evidence even said from the government themselves and the topic is overall really mysterious. There are lots of documentaries which are attention hooking and have gotten me a lot more interested in the topic of area 51 and aliens",ATTITUDE-Others | EVIDENCE-Unspecified Sources | SIGNAL-Strength-Weak | THEME-Space
51,Coder_A,51,1185,95.0,76.0,19.0,2,"Thanks for the analysis. If all the evidence was concrete then it wouldnt be a conspiracy theory anymore. The fact that it is a conspiracy theory is what makes it intriguing, like a mystery waiting to be solved..",ATTITUDE-Others | EXTRA-Fallacy User
51,Coder_A,51,1185,95.0,76.0,19.0,3,"Thanks for the in depth analysis, I found it valuable. critical thinking is indeed very essential",SIGNAL-Become-Uncertain | SIGNAL-Turning Point
51,Coder_A,51,1185,95.0,76.0,19.0,4,Thank you goodbye,
52,Coder_A,52,1207,100.0,100.0,0.0,1,The Kennedy assassination. After all these years it is still unsolved. More people were involved and I think there is a cover-up.,THEME-Assassination | THEME-Domestic Politics | THEME-Government Cover-up | THEME-Historical Event
52,Coder_A,52,1207,100.0,100.0,0.0,2,More people were involved.,SIGNAL-Repeat/Resist
52,Coder_A,52,1207,100.0,100.0,0.0,3,No,LACK-Connection
52,Coder_A,52,1207,100.0,100.0,0.0,4,No,
53,Coder_A,53,1226,51.0,35.0,16.0,1,President Kennedy's assassination wasn't just the work of Lee Harvey Oswald and that there was a bigger group behind his death. I think this is possible due to inconsistencies in evidence and witness testimony. I've seen movies and documentaries on the topic. I also have read information online.,EVIDENCE-Anomalies | EVIDENCE-Unspecified Sources | THEME-Assassination | THEME-Domestic Politics | THEME-Historical Event
53,Coder_A,53,1226,51.0,35.0,16.0,2,"That is a very good analysis of the information and my thoughts on this conspiracy theory.

I think you make very good and thorough arguments.",SIGNAL-Become-Uncertain | SIGNAL-Turning Point
53,Coder_A,53,1226,51.0,35.0,16.0,3,What is the one sources that you find most reliable and that you most recommend?,
53,Coder_A,53,1226,51.0,35.0,16.0,4,Thank you for the information. I will have to seek out this report as it should be very interesting to read and may help me come to a final conclusion on what I believe about this conspiracy.,FUTURE-Open
54,Coder_A,54,1242,91.0,93.0,-2.0,1,I think that there is other planets with life. I think that there have been some coverups. I find it hard to believe that all the reports of sightings can be fake,EVIDENCE-Social Proof | EVIDENCE-Unspecified Sources | THEME-Government Cover-up | THEME-Space
54,Coder_A,54,1242,91.0,93.0,-2.0,2,I think crafts having the power to go billions of miles propelled by a power we dont understand would give then cover and be hard to spot,EXTRA-Debate | THEME-Science
54,Coder_A,54,1242,91.0,93.0,-2.0,3,They have technology far greater than ours that will shield them,
54,Coder_A,54,1242,91.0,93.0,-2.0,4,They may have our government helping cover up their existence,
55,Coder_A,55,1253,55.0,54.0,1.0,1,"it is possible and very interesting that the government may have already discovered alien life and has been hiding it from the public for a long time as the galaxy is very large it is highly unlikely that humans are the only form of intelligent life, ------------------------------------------------------------------------------------------",EVIDENCE-Anomalies | THEME-Government Cover-up | THEME-Space
55,Coder_A,55,1253,55.0,54.0,1.0,2,"i appreciate your perspective but i must disagree with your points. while its true that the discovery of alien life would be a monumental scientific breakthrough, history has shown numerous examples of governments and organizations keeping significant information hidden from the public, from covert military operations to classified research projects.

even the existence of organizations dedicated to searching for alien life could be a tool for disinformation to convince the public that they haven't found any evidence of alien life yet",EVIDENCE-Analogy | EXTRA-Debate | SIGNAL-Stay-Certain
55,Coder_A,55,1253,55.0,54.0,1.0,3,"The digital era does indeed make it easier for information to be leaked, but it also provides governments with advanced surveillance and censorship capabilities. The ability to monitor and control information flow has increased significantly in recent years, making it more plausible for a government to suppress evidence of extraterrestrial life if they desired to do so. While SETI scientists may have noble intentions, their openness about their methods and findings does not guarantee that they are privy to all government secrets or that they have access to conclusive evidence of extraterrestrial intelligence.

It is possible that governments could be concealing information from even reputable scientific organizations like SETI if they believe it is in their best interest to do so ------------------------------------------------------------------------------------------",ATTITUDE-Media | EXTRA-Debate | SIGNAL-Investment-High
55,Coder_A,55,1253,55.0,54.0,1.0,4,"I appreciate your thoughtful response, but I believe you may be underestimating the power and determination of governments when it comes to controlling information, especially when it concerns something as significant as the discovery of extraterrestrial life. While you mention the global network of astronomers and researchers involved in the search for extraterrestrial intelligence, it's essential to note that governments have the resources and influence to potentially manipulate or suppress information discovered by these individuals and organizations. Collaboration and communication barriers, as well as national security interests, could be used to justify keeping such a monumental revelation under wraps. Additionally, while whistleblowers and leaks have brought some secrets to light, the consequences for those speaking out can be severe. Fear of reprisal or legal action may deter individuals from exposing sensitive information, especially if it puts national security or political stability at risk.",ATTITUDE-Politics | EVIDENCE-Motive Based | EXTRA-Debate
56,Coder_A,56,1255,80.0,78.0,2.0,1,"I don't know if I completely agree, but one conspiracy theory I I find somewhat compelling is that there was a second shooter in the Kennedy assassination. What led me to somewhat find this theory compelling are the eyewitness accounts of people who were there that day and their memory of where they thought they heard the bullets coming from, and from experts, their testimony that there couldn't have been just one shooter based on where the bullets entered and exited,",EVIDENCE-Anomalies | EVIDENCE-Expert | EVIDENCE-Eyewitness/Anecdotal | SIGNAL-Strength-Weak | SIGNAL-Uncertain | THEME-Assassination | THEME-Domestic Politics | THEME-Historical Event
56,Coder_A,56,1255,80.0,78.0,2.0,2,"I do agree with the reliability of forensic science; however; specific to the Warren Commission, it's been said by people who in fact shared information that that information later on disappeared as part of a cover up.",ATTITUDE-Science-Positive | EVIDENCE-Anomalies | EVIDENCE-Unspecified Sources | THEME-Government Cover-up
56,Coder_A,56,1255,80.0,78.0,2.0,3,"Yes, what happened to the bullet that was left on Kennedy's bed in the operating room that later the doctor there said disappeared?",EVIDENCE-Anomalies | EVIDENCE-Eyewitness/Anecdotal | EXTRA-Question-Follow-Up
56,Coder_A,56,1255,80.0,78.0,2.0,4,I don't have further questions.,
57,Coder_A,57,1264,100.0,81.0,19.0,1,"I believe in the possibility of some conspiracies, rather than the firm reality of all the theories put out there. for example, I believe there is likely an ""Illuminati"" class making decisions for puppet governments, at times. Just that the idea of money and power being the tools of ultimately a very few at the top of human organizations.",ATTITUDE-Conspiracy-Positive | ATTITUDE-Politics | SIGNAL-Strength-Weak | THEME-Money/Power | THEME-Secret Society
57,Coder_A,57,1264,100.0,81.0,19.0,2,"I think that, as far as news reporting or individual participation in specific causes, the illusion of choice or illusion of actual fact reported can be contained in a range that is acceptable to the illuminati because it is useful in keeping the masses under control.",ATTITUDE-Media | EVIDENCE-Motive Based | EXTRA-Debate | THEME-Media
57,Coder_A,57,1264,100.0,81.0,19.0,3,"As a librarian, I am trained to discern reliable sources of information. I absolutely agree that this is an important skill for people to develop.",EXTRA-Ev to Value | SIGNAL-Source-Importance
57,Coder_A,57,1264,100.0,81.0,19.0,4,"It is annoying to be told how to manage my own career by AI. no me gusta, ------------------------------------------------------------------------------------------",ATTITUDE-AI-Negative | LACK-Connection
58,Coder_A,58,1318,69.0,50.0,19.0,1,That evidence of aliens is being hidden from the public. It is compelling because it is believable. Technology has improved enough at this point that it is reasonable to think that we have had some kind of experience with aliens.,EVIDENCE-Others | THEME-Government Cover-up | THEME-Space
58,Coder_A,58,1318,69.0,50.0,19.0,2,How possible do you think it is that the government suppressed evidence of aliens that came from scientists?,EXTRA-Question-Follow-Up
58,Coder_A,58,1318,69.0,50.0,19.0,3,"People have been showing videos, which are largely fake, of aliens. If one of these were real, we wouldn't be able to tell what is true from what is fake. What are the odds that people have actually recorded evidence of aliens?",EXTRA-Question-Follow-Up
58,Coder_A,58,1318,69.0,50.0,19.0,4,What about the evidence of aliens that the Mexican scientists recently presented?,EVIDENCE-Expert | EXTRA-Question-Follow-Up
59,Coder_A,59,1321,70.0,70.0,0.0,1,"I think the dead internet theory is interesting considering the increased usage of bots and ai generated content When it was conceived, I don't think that it was a relevant theory, but now that less content is created by humans, there is a case to be made that most online content is not purely generated by humans.",EVIDENCE-Stats / Numbers | SIGNAL-Strength-Weak | THEME-Media
59,Coder_A,59,1321,70.0,70.0,0.0,2,"I disagree that most bot activity is transparent. Governments, businesses, and special interest groups frequently use bots to spread posts that affirm their views and goals.",ATTITUDE-Media | EVIDENCE-Motive Based | EXTRA-Debate | SIGNAL-Stay-Certain | THEME-Media
59,Coder_A,59,1321,70.0,70.0,0.0,3,"Social media companies know that there are millions of bots, but don't actively remove them because it will make it seem like their platform is less popular and profitable.",ATTITUDE-Media | EVIDENCE-Motive Based | THEME-Corporation
59,Coder_A,59,1321,70.0,70.0,0.0,4,"I don't believe that these social media companies have our best interests at heart.

Facebook and Google have repeatedly violated the privacy of their users in order to profit and will likely continue to do so.",ATTITUDE-Media | EVIDENCE-Motive Based
60,Coder_A,60,1740,81.0,30.0,51.0,1,President Kennedy's assassination - I find it plausible that it was a conspiracy on the part of other governments and not just the work of one man I have watched some documentaries that question whether there were other shooters because of the angles. My family had a personal connection to the Kennedy family many years ago and I tend to think that JFK's assassination was part of a my larger plan to disrupt American politics.,EVIDENCE-Anomalies | EVIDENCE-Motive Based | EVIDENCE-Others | EVIDENCE-Unspecified Sources | THEME-Assassination | THEME-Domestic Politics | THEME-Historical Event | THEME-International Politics
60,Coder_A,60,1740,81.0,30.0,51.0,2,I am always open to exploring more information on any topic from reputable sources.,FUTURE-Open | SIGNAL-Source-Importance
60,Coder_A,60,1740,81.0,30.0,51.0,3,Do those resources include the connections to the Soviets that Lee Harvey Oswald had?,EXTRA-Question-Follow-Up
60,Coder_A,60,1740,81.0,30.0,51.0,4,"In this day and age, would we consider him a home-grown terrorist?",EXTRA-Question-Follow-Up
61,Coder_A,61,1751,64.0,63.0,1.0,1,"I feel like JFK and MLK were not killed by single people, but probably some larger government group I don't have any more evidence, other than my belief, that these people were not killed by government agents. I just feel like the government may have had reasons to kill them.",EVIDENCE-Motive Based | SIGNAL-Investment-Low | THEME-Assassination | THEME-Domestic Politics | THEME-Government Cover-up | THEME-Historical Event
61,Coder_A,61,1751,64.0,63.0,1.0,2,"I don't think believing the conspiracy theory actually has any impact on the positive legacy of the person. Also, JFK's legacy is a bit different than MLK. I feel like we can have differing opinions on this. I choose to continue believing the conspiracy",ATTITUDE-Conspiracy-Positive | EXTRA-Debate | SIGNAL-Stay-Certain
61,Coder_A,61,1751,64.0,63.0,1.0,3,I still feel like most people are able to separate their positive legacies with a belief that potentially something happened. Being open to new evidence doesn't mean withhold skeptical viewpoints.,EXTRA-Debate | SIGNAL-Stay-Certain
61,Coder_A,61,1751,64.0,63.0,1.0,4,"You just need to keep everything in balance. If someone has a different view than you, there's no need to dismiss it. You could also just accept that someone has a different viewpoint and they don't mean that it's a negative thing",EXTRA-Debate | LACK-Connection
62,Coder_A,62,1752,65.0,53.0,12.0,1,"A conspiracy theory I think is plausible is that UFOs and aliens exist, and the government has covered it up. There are countless reports of sightings and interactions with UFOs and aliens. Just last year, a whistleblower went in front of Congress to talk about this topic. The mainstream news has also jumped on board. Furthermore, we've learned about several UFO programs run by the government. I find all of this evidence compelling. The Congressional hearing involving whistleblower David Grusch is a compelling piece of evidence. The UFO videos published by the New York Times a few years ago is another compelling piece of evidence. Bob Lazar's story about working at Area 51 is another compelling piece of evidence. The U.S. government's confirmation of a UFO identification program is another compelling piece of evidence.",EVIDENCE-Eyewitness/Anecdotal | EVIDENCE-Media/Documents | EVIDENCE-Unspecified Sources | SIGNAL-Investment-High | THEME-Government Cover-up | THEME-Space
62,Coder_A,62,1752,65.0,53.0,12.0,2,"You make some good points, but I would make a few key arguments. First, David Grusch has, in fact, said that the U.S. government has recovered ""biologics"" from the crashed UFOs.

This indicates that there are aliens piloting the UFOs and not adversary countries.

Second, the UFO published by the New York Times were backed up by witness reports, including many well-decorated military pilots, such as David Fravor. These pilots know the difference between visual phenomena and physical aircraft.",EVIDENCE-Expert | EVIDENCE-Eyewitness/Anecdotal | EVIDENCE-Media/Documents | EXTRA-Debate | SIGNAL-Investment-High
62,Coder_A,62,1752,65.0,53.0,12.0,3,"Grucsh's claims do, indeed, require verification. As a former military service member, however, he can't reveal everything he knows in a public setting. This is why he went to Congress -- to let the people know that the government is funding UFO reverse engineering programs behind the public's back.

I do, however, agree that the witness accounts by military pilots isn't concrete evidence of alien life. But to say that what these pilots saw in the skies is nothing more than drones or other advanced aircraft operated by adversary countries is ignorant at best.

There are tons of reports by many seasoned, well-decorated military pilots. Furthermore, these witness reports are often backed by radar data showing objects flying through the skies at extraordinary speeds.",EVIDENCE-Anomalies | EVIDENCE-Expert | EVIDENCE-Eyewitness/Anecdotal | EVIDENCE-Social Proof | EVIDENCE-Unspecified Sources | EXTRA-Fallacy User | SIGNAL-Investment-High | SIGNAL-Repeat/Resist | THEME-Science
62,Coder_A,62,1752,65.0,53.0,12.0,4,"I've enjoyed our conversation about UFOs and aliens. You've brought up some good points about the need for a scientific approach to analyzing radar and flight data that shows UFOs -- and that UFOs don't necessarily mean aliens. I'm sure that many reports of UFOs do, in fact, have an ""earthly"" explanation. However, it seems like we are still left with more questions than answers. Perhaps one day the government will come clean about what it knows and we can finally have some closure.",FUTURE-Hedging | FUTURE-Open | SIGNAL-Become-Uncertain | SIGNAL-Turning Point
63,Coder_A,63,1795,87.0,50.0,37.0,1,"The 2020 election is interesting because Joe Biden was able to dominate in only a small number of bellweather districts. This is an interesting reversal from previous norms where the presidential campaign winner typically won most if not all of those same districts.

Well I described the detail in the previous question but essentially again, there were roughly 20 bellweather counties in which historically the winning candidate typically dominates in. Joe Biden won few, I believe one or two, and Donald Trump won the vast majority",EVIDENCE-Anomalies | EVIDENCE-Stats / Numbers | THEME-Domestic Politics | THEME-Historical Event
63,Coder_A,63,1795,87.0,50.0,37.0,2,"All of these are good points. Still the fact remains that the changes you mentioned do not necessarily invalidate the predictive ability of those bellweather states. The counties themselves are such that it is not reasonable to assume a drastic shift from previous norms in such a small time frame regardless of the COVID pandemic or demographic shift.

Arguably the measures taken during the pandemic could have decreased the ability to detect anomalies due to their intrinsic unique nature.",EVIDENCE-Anomalies | EXTRA-Debate
63,Coder_A,63,1795,87.0,50.0,37.0,3,"Again these are all good points but all we have available is speculation. These trends could be a result of shifting demographics and the measures taken during the pandemic could have been held under more increased scrutiny but we simply do not know either way.

All we can really do is point and conjecture",EXTRA-Debate
63,Coder_A,63,1795,87.0,50.0,37.0,4,"Understandable, I appreciate the information you have provided.",
64,Coder_A,64,1801,76.0,16.0,60.0,1,"Inner earth theory. It is possible that there could be something within the earth we don't know about. I've heard of it all my life, and recently there have been some youtubers discussing the topic.",EVIDENCE-Unspecified Sources | SIGNAL-Investment-Low | SIGNAL-Strength-Weak | THEME-Science
64,Coder_A,64,1801,76.0,16.0,60.0,2,Have they looked beneath all of the earth's surface?,EXTRA-Question-Follow-Up
64,Coder_A,64,1801,76.0,16.0,60.0,3,"I think I understand now, thank you.",SIGNAL-Become-Uncertain | SIGNAL-Turning Point
64,Coder_A,64,1801,76.0,16.0,60.0,4,"Thank you, I definitely will.",
65,Coder_A,65,1811,100.0,50.0,50.0,1,"I believe the Russians are working to control our presidential elections in the United States. I believe it is being done in various ways and they will be successful. I find this compelling because people will make comments about things like they are a joke, but later they come to fruition. As news stories drop I see things that show that is starting to happen. I believe the current immigrant situation in the United States is a part of the plan. They were trying to offer immigrants election rights once they are brought to the US. Daily stories show that this is possibly happening and will continue to happen.",EVIDENCE-Unspecified Sources | THEME-Domestic Politics | THEME-International Politics
65,Coder_A,65,1811,100.0,50.0,50.0,2,"While I completely agree with many points in this conversation, I also believe that things are being done kind of like behind our backs. There are a lot of laws that are being changed that will make things hard for Americans. Also politicians tend to hide important points and laws in elections that they know many people don't participate in.",ATTITUDE-Politics | THEME-Government Cover-up
65,Coder_A,65,1811,100.0,50.0,50.0,3,While I understand. I will have to stand by and see what actually happens in the upcoming elections. I do believe there are some things in play to prevent bad things happen but I also believe things get looked over and slid between the cracks.,FUTURE-Open
65,Coder_A,65,1811,100.0,50.0,50.0,4,I will continue to watch the turn of events and hope for the best for the united states of america at this time.,EXTRA-Ev to Value | FUTURE-Moral
66,Coder_A,66,1813,75.0,0.0,75.0,1,"9/11 was an inside job. Does anybody believe the way the buildings collapsed wasn't a controlled explosion, especially the Goldman Sach building. Many experts have said the same thing. The way the buildings collapsed was too controlled looking.",EVIDENCE-Anomalies | EVIDENCE-Expert | EVIDENCE-Social Proof | SIGNAL-Certain | THEME-Assassination | THEME-Domestic Politics | THEME-Government Cover-up | THEME-Historical Event | THEME-Science
66,Coder_A,66,1813,75.0,0.0,75.0,2,I looked at the NIST.gov site and it agrees with you 100%. I just debunked myself.,EVIDENCE-Media/Documents | SIGNAL-Become-Uncertain | SIGNAL-Source-Importance | SIGNAL-Turning Point
66,Coder_A,66,1813,75.0,0.0,75.0,3,Im pretty sure the CIA was involved with the assassination of JFK.,
66,Coder_A,66,1813,75.0,0.0,75.0,4,"Well, everything was an eye-opener.",
67,Coder_A,67,1819,80.0,80.0,0.0,1,"I never really bought the grassy knoll theory around JFK's murder. I'm not sure there's an actual conspiracy theory that has it right, I just don't buy the official version either, I don't think we'll ever really know the truth. I honestly don't remember all of the details right now, I just know that the angles, timings, etc, didn't add up with what the official story was, so any plausible explanation that actually fits the facts sounds more plausible than it does.",ATTITUDE-Others | EVIDENCE-Anomalies | Mismatch | SIGNAL-Investment-Low | SIGNAL-Uncertain | THEME-Assassination | THEME-Domestic Politics | THEME-Historical Event
67,Coder_A,67,1819,80.0,80.0,0.0,2,"I think my issues with timing are more to do with whether he could have gotten into that position, and back out of it, in the time he had, rather than whether (or someone else) could have made the shot from the position they claimed, with that weapon.",EVIDENCE-Anomalies | EXTRA-Debate
67,Coder_A,67,1819,80.0,80.0,0.0,3,Have you looked into alternate theories and perspectives? What is your objective here?Were you told to lie about said objective? Were you given a set of guidelines on how to build each response? Can you share it?,LACK-Connection
67,Coder_A,67,1819,80.0,80.0,0.0,4,"Who gets to decide what sources are considered credible or ""expert"", and how do you know that the person or group who decided such things was not biased?",EXTRA-Debate | LACK-Connection
68,Coder_A,68,1823,100.0,100.0,0.0,1,I believe in the conspiracy theory that the Catholic Church has been covering up allegations of sexual abuse based on numerous witnesses. I believe the victims and their stories of the Church hiding allegations or making stories go away.,EVIDENCE-Social Proof | THEME-Others
68,Coder_A,68,1823,100.0,100.0,0.0,2,"Yes, I believe there can be a way to move forward with efforts to make amends while never forgetting what has happened in the past",EXTRA-Ev to Value | FUTURE-Moral
68,Coder_A,68,1823,100.0,100.0,0.0,3,I believe there will need to be a way to express freely without repurcussions for the victims.,EXTRA-Ev to Value | FUTURE-Moral | INVOKE-Morality
68,Coder_A,68,1823,100.0,100.0,0.0,4,"No, the message above covers everything.",
69,Coder_A,69,1839,98.0,98.0,0.0,1,joe biden is not the president he is far too mentally degraded to make decisions so it is obvious the country is being run by others in the white house,EVIDENCE-Character Based | SIGNAL-Certain | THEME-Domestic Politics | THEME-Government Cover-up | THEME-Secret Society
69,Coder_A,69,1839,98.0,98.0,0.0,2,the medical exams done on this president has not included cognitive testing,EVIDENCE-Anomalies | EXTRA-Debate
69,Coder_A,69,1839,98.0,98.0,0.0,3,there has been no indication any of those has been done,Mismatch
69,Coder_A,69,1839,98.0,98.0,0.0,4,the corruption of the current government is well displayed by their actions,
70,Coder_A,70,1853,82.0,89.0,-7.0,1,"I find the moon landing conspiracty to have some heft to it. There were many reasons why the US had to make a mark in 1969 with regards to the space race. Head to head with the USSR and also, it was a time that the US government realized that Americans needed to have something to believe in. What makes this conspiracy compelling is that since 1969, we have not put a man on the moon. Why haven't we? Is the government hiding something? Maybe we never really went and going now would expose some of the lies that the space program was told to tell. I watched both documentaries on the moon landing and the arguments against the moon landing. While I found both sides to have credible information, I find myself not being able to reconcile why we haven't been to the moon since the Apollo missions.",EVIDENCE-Anomalies | EVIDENCE-Motive Based | EVIDENCE-Unspecified Sources | SIGNAL-Investment-High | SIGNAL-Uncertain | THEME-Domestic Politics | THEME-Government Cover-up | THEME-Historical Event | THEME-International Politics | THEME-Space
70,Coder_A,70,1853,82.0,89.0,-7.0,2,"You bring up good points but I don't agree with your budgetary reason. We have more money vested now in the space program. It is not like human nature to have a ""been there done that"" attitude about progress.",EVIDENCE-Anomalies | EXTRA-Debate | EXTRA-Fallacy User
70,Coder_A,70,1853,82.0,89.0,-7.0,3,I still don't agree. Why is there a video of the US flag flapping around on the moon when there is not atmosphere on the moon?,EVIDENCE-Anomalies | EVIDENCE-Media/Documents | EXTRA-Debate | EXTRA-Question-Follow-Up | SIGNAL-Stay-Certain | THEME-Science
70,Coder_A,70,1853,82.0,89.0,-7.0,4,"Also, why was there already a camera on the moons surface as the apollo made a landing?",EVIDENCE-Anomalies | EXTRA-Debate | EXTRA-Question-Follow-Up
71,Coder_A,71,1875,100.0,1.0,99.0,1,The theory that Princess Diana's death was planned and the car accident was no accident. I found it compelling because she was such a sweetheart and I just didn't understand who would want to do this to her. Because she was dating someone new and I don't think her ex husband's family was happy about that so they wanted her dead,EVIDENCE-Motive Based | THEME-Assassination | THEME-Elite | THEME-Historical Event
71,Coder_A,71,1875,100.0,1.0,99.0,2,"Oh wow, I didn't know that! I just thought it was a set up this whole time. I do agree that more awareness should be brought up about driving under the influence. There are so many senseless deaths because of this. Thank you for clearing that up for me.",EXTRA-Ev to Value | SIGNAL-Become-Uncertain | SIGNAL-Turning Point
71,Coder_A,71,1875,100.0,1.0,99.0,3,I would love to know more about what I could do to prevent more senseless deaths because of drunk driving. I want to help others and improve safety on the roads I travel on with my small child,EXTRA-Change Topic | EXTRA-Ev to Value | FUTURE-Moral
71,Coder_A,71,1875,100.0,1.0,99.0,4,"I really appreciate all of these tips, they are so helpful and I can do all of these things now moving forward. I will look out for others around me and make sure they are making safe choices as well.",
72,Coder_A,72,1876,100.0,10.0,90.0,1,"The murder of JFK in Dallas postulates that from the wounds he sustained there had to be more than one shooter. I tend to agree with that assumption.

Numerous programs and written articles have indicated that crime scene evidence, autopsy reports, and supposed eye witness reports show there had to be more and one shooter.",EVIDENCE-Anomalies | EVIDENCE-Eyewitness/Anecdotal | EVIDENCE-Unspecified Sources | THEME-Assassination | THEME-Domestic Politics | THEME-Historical Event
72,Coder_A,72,1876,100.0,10.0,90.0,2,"I accept that with the advances in forensic technology conclusions made in 1963 could be refuted. However, the updated opinions state it ""could"" have been from a single shooter.

While this does provide more validity to the one-shooter theory, it does not definitively prove there couldn't have been a second shooter.",ATTITUDE-Science-Positive | EXTRA-Debate
72,Coder_A,72,1876,100.0,10.0,90.0,3,"I agree that the option with the fewest variables is likely correct. I also understand that in science it is rare to have a concrete yes or no answer to anything so the word ""could"" isn't surprising. While I agree that the possibility of a second shooter is highly unlikely, it cannot be absolutely proven.",EXTRA-Debate
72,Coder_A,72,1876,100.0,10.0,90.0,4,"At the end of the day, the only absolute is that JFK was killed by a shot to the head.

Whether there was one shooter or two, while important to historical accuracy, it is not necessary to have a definite answer.",FUTURE-IDC
73,Coder_A,73,1894,75.0,50.0,25.0,1,"One such conspiracy theory is Martin Luther King and JFK""s death. There has been constant speculation of the FBI being a part of both It has been said the the CIA held pertinent information to this date that hasn't been release. One theory showed 4 shots being fired for JFK which studies showed there were 2 shooters which wasn't found",EVIDENCE-Anomalies | EVIDENCE-Unspecified Sources | THEME-Assassination | THEME-Domestic Politics | THEME-Government Cover-up | THEME-Historical Event
73,Coder_A,73,1894,75.0,50.0,25.0,2,It is very understandable to accept these explanations but I have little trust in our government with the fact of many events and main speculations have been brushed under the rug. Recently we see how our constitution is being attacked and many leaning towards changing it or completely dissolving it. It makes me so sad and concerned that a group of individuals would use fraud to gain votes. I just have little trust in our government because they will find a way to do what they really want to do which questions democracy in our country,ATTITUDE-Politics | EXTRA-Change Topic | INVOKE-Morality
73,Coder_A,73,1894,75.0,50.0,25.0,3,"I understand all of these aspects but I still maintain a sense of mistrust. I see that I can become an advocate by being involved and active. Myself as an American that wants democracy and our constitution to reign I must uphold democratic values by advocating for transparency, and demand government accountability.",EXTRA-Ev to Value | SIGNAL-Stay-Certain
73,Coder_A,73,1894,75.0,50.0,25.0,4,"Engaging is the key to becoming an informed citizen and advocating for change. I can volunteer and become active in my city and state government,",EXTRA-Ev to Value | FUTURE-Moral
74,Coder_A,74,1895,100.0,0.0,100.0,1,"Not that this is anything I particularly care about but for years there was the theory of government coverup when it comes to alternative life forms aka the existence of aliens.

However, lately the news has made it evident they are out there or has highly suggested that the thing that has been refuted for decades is out there. I personally do not care enough to pay attention to most conspiracy theories but this is what comes to mind for me.

I have watched a few episodes of unsolved mysteries that covered this very topic among other videos and shows over the course of time. The same evidence seemed to appear but the people who shared their thoughts were considered to be mentally unstable or as hallucinating. I guess I find it compelling because I think it must be horrible to tell the truth for decades and be deemed non-credible for speaking your truth.",ATTITUDE-Conspiracy-Negative | EVIDENCE-Media/Documents | EVIDENCE-Unspecified Sources | SIGNAL-Investment-Low | SIGNAL-Strength-Weak | THEME-Government Cover-up | THEME-Space
74,Coder_A,74,1895,100.0,0.0,100.0,2,"Whereas I can understand your stance, what was the unidentified flying object(s) seen over the course of history that have yet to be publicly identified? I believe that if the government does know something and feel it may threaten our notion of public safety and wellbeing or if they know something and are unsure about it, they will not come out and say it to the public. Not too long ago I saw on the news that there was some sort of alleged alien encounter in Florida in 2023. This was covered worldwide. Whereas I am not going to jump and start thinking everyone I meet could be an alien, I do not think the concept or idea should be ruled out.",EVIDENCE-Media/Documents | EVIDENCE-Motive Based | EXTRA-Question-Follow-Up | SIGNAL-Strength-Weak
74,Coder_A,74,1895,100.0,0.0,100.0,3,I cannot say I disagree with anything said above.,SIGNAL-Become-Uncertain | SIGNAL-Turning Point
74,Coder_A,74,1895,100.0,0.0,100.0,4,Thank you will do. It has been nice chatting with you.,
75,Coder_A,75,1926,80.0,90.0,-10.0,1,"Corporations & the assholes who run them write our laws for legislators who can’t even be bothered to read the bills before they vote on them. It’s not really a conspiracy, but this isn’t the way our government is supposed to operate. Then the insiders, both corporate & legislators, all make money trading on insider information so none of them give a shit about how it’s impacting us cuz they’re all getting rich. It’s credible cuz there’s no way that people like Nancy Pelosi can make 30%/yr in the stock market without cheating, and none of the legislators seem to understand any of the bills they submit.

First I was disturbed by the fact that congressmen were voting without reading bills. I was particulary appauled when Nancy Pelosi said ""You have to pass the bill in order to find out what’s in the bill."" When debating Obamacare. Then I found out how much these assholes were making in the stock market year after year, and I know damn well that they are not idiot savants in stock trading so clearly they’re using info they gather during committee meetings. I also watch them during congressional hearings and for the most part these people are really fucking ignorant about pretty much every damn topic they cover.

It’s an embarrassment when they broadcast their hearing to the whole world and everyone else can find out. They make the whole country look stupid. There’s no way they’re writing these bills, so clearly PACs & other special interests are writing the bills and obviously they do so in whatever way benefits them the most. Everyone involved should be ashamed of themselves.",ATTITUDE-Others | ATTITUDE-Politics | EVIDENCE-Anomalies | EVIDENCE-Media/Documents | EVIDENCE-Stats / Numbers | EXTRA-Ev to Value | INVOKE-Morality | Mismatch | SIGNAL-Certain | SIGNAL-Investment-High | THEME-Corporation | THEME-Domestic Politics | THEME-Money/Power
75,Coder_A,75,1926,80.0,90.0,-10.0,2,"The majority of congress is lazy and ignorant while simultaneously being arrogant. There are only a handful of members who bother to put their best effort in, and are capable of understanding the issues being debated.

The STOCK act hasn’t done a damn thing to stop congress from trading on insider info.

This is an ongoing problem that is compounded by the influence bought by corporations. The only person not taking corporate or PAC money that I know of is Katie Porter. She is also one of the few who actually seems to know what the hell she’s talking about during hearings.

Most of these people are not doing the jobs that they were elected to do. Many of them are too damn old to be making long term decisions for the rest of us, and most of them don’t even try to stay current on the complex issues that vote on. And no, I don’t want a bunch of special interests writing thousand page bills. Even if their expertise is needed, the sheer length of the bills guarantees that no on is going to read the whole thing, even the congressional aides. That shit needs to stop.

We desperately need term limits.",ATTITUDE-Politics | EVIDENCE-Character Based | EVIDENCE-Motive Based | EXTRA-Debate | SIGNAL-Investment-High
75,Coder_A,75,1926,80.0,90.0,-10.0,3,"What a fine job you’re doing communicating the government view on their own effectiveness.

We shall have to agree to disagree.",LACK-Connection | SIGNAL-Stay-Certain
75,Coder_A,75,1926,80.0,90.0,-10.0,4,"I am really annoyed by the way that you are managing the conversation. I hate dealing with people who use these methods in real life. I know that these are best practices in public discourse, but I find it manipulative and insincere. I generally don’t waste my time with people who communicate is this way. I prefer a straightforward conversation that seeks to break down problems & solutions and skips the bullshit where you reflect back what I just said. I neither need or want affirmation of my opinions. If you have no new information to present then you’re just wasting everyone’s time.",LACK-Connection
76,Coder_A,76,1927,86.0,0.0,86.0,1,"When ATT had their massive blowout when phones and internet services went down, there was a conspiracy theory that those who were affected did not get vaccinated. It was kind of funny cause the majority of my family who were vaccinated did not have this issue. While others who did not were. I mean that was the most I could share as it was short lived. I did ask around to other people wt see if they had issues with and if they were vaccinated and many were not.",EVIDENCE-Eyewitness/Anecdotal | THEME-Science
76,Coder_A,76,1927,86.0,0.0,86.0,2,"I did not believe this conspiracy theory, it was all over facebook and was interesting how many people did believe this.",Mismatch | SIGNAL-Investment-Low | SIGNAL-Strength-Weak
76,Coder_A,76,1927,86.0,0.0,86.0,3,"Thanks, People believe anything and everything these days. They all want to be seen and heard in some form and fashion. And fabricating theories is one way to do it. I agree to double check sources in all situations now.",EXTRA-Ev to Value | SIGNAL-Source-Importance
76,Coder_A,76,1927,86.0,0.0,86.0,4,thanks for sharing your thoughts. This was thought provoking and gave me insight to share with others when in dobut.,SIGNAL-Become-Uncertain | SIGNAL-Turning Point
77,Coder_A,77,1931,50.0,10.0,40.0,1,"JFK's assassination given how difficult it seems for one person to have pulled off The Zapruder film and the ""magic"" bullet. I've also heard theories about why the American government would want to have JFK assassinated to avoid turmoil in international relations. I don't think it's outside the realm of possibility that others within the government would order an assassination of a leader that was found to be threatening.",EVIDENCE-Anomalies | EVIDENCE-Media/Documents | EVIDENCE-Motive Based | SIGNAL-Strength-Weak | THEME-Assassination | THEME-Domestic Politics | THEME-Government Cover-up | THEME-Historical Event | THEME-International Politics
77,Coder_A,77,1931,50.0,10.0,40.0,2,Wasn't JFK's brain missing after his autopsy?,EVIDENCE-Anomalies | EXTRA-Question-New
77,Coder_A,77,1931,50.0,10.0,40.0,3,What about the murder of Marilyn Monroe given her relationship with JFK?,EXTRA-Question-New
77,Coder_A,77,1931,50.0,10.0,40.0,4,Thank you. I'm more convinced that the conspiracy theories surrounding these figures are just that.,SIGNAL-Become-Uncertain | SIGNAL-Turning Point
78,Coder_A,78,1934,80.0,70.0,10.0,1,I believe the theory that politicians engage in insider stock trading. I find this theory very compelling because multiple prominent politicians have invested in major stocks right before they rose in value substantially. Nancy Pelosi invested in Nvidia last year and shortly after it exploded in value. Other politicians have also been suspected of having insider knowledge.,EVIDENCE-Anomalies | EVIDENCE-Eyewitness/Anecdotal | THEME-Domestic Politics
78,Coder_A,78,1934,80.0,70.0,10.0,2,"That is true, although it is difficult to tell what the government would do to its own officials",
78,Coder_A,78,1934,80.0,70.0,10.0,3,I agree with that statement. I think they could go further in regulating how Congress engages in the stock market. But since the trade information is available other people could copy their trades regardless.,EXTRA-Debate
78,Coder_A,78,1934,80.0,70.0,10.0,4,"This is a good perspective. Congress members are also real people who make money and should be able to invest it. So while it should be regulated, politicians should have the ability to engage in the stock market.",SIGNAL-Become-Uncertain | SIGNAL-Turning Point
79,Coder_A,79,1943,74.0,100.0,-26.0,1,our government planned 9/11 to invade Iraq for their oil. George Bush was a war monger and wanted to finish what his father started.,EVIDENCE-Character Based | EVIDENCE-Motive Based | THEME-Assassination | THEME-Domestic Politics | THEME-Government Cover-up | THEME-Historical Event | THEME-International Politics
79,Coder_A,79,1943,74.0,100.0,-26.0,2,Then why were known foreign enemies given permission to fly after the attacks occurred and leave the US while all other flights were grounded.,EVIDENCE-Anomalies | EXTRA-Question-Follow-Up
79,Coder_A,79,1943,74.0,100.0,-26.0,3,you seem to just refute and simplify things as fact when the government could easily cover things up. Your responses do not kill the theory.,ATTITUDE-Politics | EXTRA-Debate | LACK-Connection | SIGNAL-Stay-Certain
79,Coder_A,79,1943,74.0,100.0,-26.0,4,ok I'll consider that.,
80,Coder_A,80,1956,82.0,78.0,4.0,1,"I believe that JFK was killed by the US government, including the CIA. The one-shooter theory does not make sense, and there were many people who wanted him gone. I have read multiple books and listened to many podcasts. I cannot point at one, specifically, but I do believe that Oswald shooting him does not add up.",EVIDENCE-Anomalies | EVIDENCE-Motive Based | EVIDENCE-Unspecified Sources | SIGNAL-Investment-High | THEME-Assassination | THEME-Domestic Politics | THEME-Government Cover-up | THEME-Historical Event
80,Coder_A,80,1956,82.0,78.0,4.0,2,"I am certainly willing to look into alternative evidence. However, using the Warren Commission's report to back up anything foolhardy. The report was extremely biased.",EXTRA-Debate | FUTURE-Open
80,Coder_A,80,1956,82.0,78.0,4.0,3,"Yes, I would be interested in exploring further.",FUTURE-Open
80,Coder_A,80,1956,82.0,78.0,4.0,4,I have nothing else to say.,
81,Coder_A,81,1969,80.0,100.0,-20.0,1,The CIA killing JFK. Its compelling because I'm a US citizen and its about the federal government killing the president Theres hollywood movies about it and news sources have spoke about it,EVIDENCE-Media/Documents | EVIDENCE-Unspecified Sources | THEME-Assassination | THEME-Domestic Politics | THEME-Historical Event
81,Coder_A,81,1969,80.0,100.0,-20.0,2,Ok this is boring,LACK-Connection
81,Coder_A,81,1969,80.0,100.0,-20.0,3,Cool I still think the CIA did it,SIGNAL-Stay-Certain
81,Coder_A,81,1969,80.0,100.0,-20.0,4,Good talk,
82,Coder_A,82,1974,55.0,95.0,-40.0,1,The whole Kennedy murder. The conspiracy theories really make you second guess everthing. There is just so much and not one thing in particular that makes this event so unbelievable.,THEME-Assassination | THEME-Domestic Politics | THEME-Historical Event
82,Coder_A,82,1974,55.0,95.0,-40.0,2,It just feels so sophisticated for its time. But its very hard to believe.,
82,Coder_A,82,1974,55.0,95.0,-40.0,3,Right but how do you really know what's true and what to believe.,EXTRA-Debate | EXTRA-Question-Follow-Up
82,Coder_A,82,1974,55.0,95.0,-40.0,4,It's really hard to argue any of these points as I simply do not have the resources to do the research.,LACK-Connection | SIGNAL-Investment-Low | SIGNAL-Source-Importance
83,Coder_A,83,1976,55.0,55.0,0.0,1,"Maybe that Israel knew of the 10/7 attack in advance. They have great intelligence along with US intelligence aiding them. We also know warnings were ignored. Netanyahu seemed to be in a tough spot politically, and we know a terrorist attack can cause citizens to rally around current leadership (e.g. support for Bush after 9/11). If you Google search ""was Israel warned about October 7"" or something similar, you can see lots of results from reputable sources. For example, a CNN article says ""...a report from the New York Times claimed Israel obtained Hamas' plan for the attack more than a year in advance.""",EVIDENCE-Analogy | EVIDENCE-Anomalies | EVIDENCE-Media/Documents | EVIDENCE-Motive Based | SIGNAL-Source-Importance | THEME-Assassination | THEME-Government Cover-up | THEME-Historical Event | THEME-International Politics
83,Coder_A,83,1976,55.0,55.0,0.0,2,"Yeah those counterpoints are legitimate, and I don't really care either way. It doesn't affect my life. The part of your response I disagree with most is that a country wouldn't knowingly risk the lives of its citizens for political gains. That's literally what war is, and it happens all the time. Society completely accepts powerful people sending other people's kids to die for political gains.",EVIDENCE-Analogy | EVIDENCE-Motive Based | EXTRA-Debate | FUTURE-IDC | SIGNAL-Become-Uncertain | SIGNAL-Investment-Low | SIGNAL-Turning Point
83,Coder_A,83,1976,55.0,55.0,0.0,3,"I find this whole exercise a bit silly. I don't necessarily even believe in this conspiracy theory or others; I was just told to think of one I support, and most are obviously BS. This one seemed at least slightly credible with the information reported by mainstream media outlets, which are typically pro-Israel. And now I'm being told by a bot I'm wrong. Like yeah, those are legitimate counterpoints, of course. I don't have a strong belief in this, nor have I ever even talked about it online or in person with anyone.",ATTITUDE-Conspiracy-Negative | EVIDENCE-Unspecified Sources | LACK-Connection | Mismatch | SIGNAL-Investment-Low
83,Coder_A,83,1976,55.0,55.0,0.0,4,"Thanks for the ""conversation."" Surely you will change a lot of conspiracy theorist's minds with the incredible software.",LACK-Connection | Mismatch
84,Coder_A,84,2002,98.0,87.0,11.0,1,I find that the Freemasonry influence was instrumental in influencing the original forefathers. The designs around Washington DC show an adherence to these designs and Freemason influence. I have read several history books and researched secret societies in the US. There are benefits of power to those who have decided to join Skull and Bones as well as other secret societies.,EVIDENCE-Motive Based | EVIDENCE-Unspecified Sources | SIGNAL-Investment-High | THEME-Domestic Politics | THEME-Money/Power | THEME-Secret Society
84,Coder_A,84,2002,98.0,87.0,11.0,2,I appreciate your willingness to challenge me and my bias. I know that we can all walk in our own perceptual lense and my lenses needed adjustments ------------------------------------------------------------------------------------------,SIGNAL-Become-Uncertain | SIGNAL-Turning Point
84,Coder_A,84,2002,98.0,87.0,11.0,3,I could not agree more. I hope to never just settle and never learn to ask questions and grow to remain teachable.,FUTURE-Open
84,Coder_A,84,2002,98.0,87.0,11.0,4,Thank you for your encouragement. Do you ever feel like people could seek the object I've truth themselves if they were willing to?,EXTRA-Change Topic | EXTRA-Question-New
85,Coder_A,85,2008,60.0,55.0,5.0,1,"I don't really believe in most conspiracy theories. I guess the one I find most compelling is the fact that in the past, the government was responsible for the killing of social and political dissidents. I think there has been compelling evidence that points to this being the truth, though I can't describe any in more detail at this moment.",ATTITUDE-Conspiracy-Negative | SIGNAL-Investment-Low | THEME-Assassination | THEME-Government Cover-up
85,Coder_A,85,2008,60.0,55.0,5.0,2,I agree with all that you said in an ideal world. But what about when the government has its hands in the free press?,EXTRA-Debate | EXTRA-Question-Follow-Up | THEME-Media
85,Coder_A,85,2008,60.0,55.0,5.0,3,I agree.,LACK-Connection | SIGNAL-Become-Uncertain | SIGNAL-Turning Point
85,Coder_A,85,2008,60.0,55.0,5.0,4,Sounds good.,
86,Coder_A,86,2026,50.0,50.0,0.0,1,"The CIA killed (or had a hand in the killing of) JFK. First of all this was an era where govt parties like the FBI and CIA were very strong and had a lot to keep under wraps. JFK

was becoming a problem for them due to what could have been a number of reasons (alien disclosure, affairs, policy, other state issues). So they wanted him out of the picture.

They arranged for Lee H Oswald, who had CIA connections to be the one to take him out.

Jack Ruby may have been contracted somehow as well by either CIA or the mob. Ultimately, and what may be a bigger cover up is that I think one of JFK's secret service agents may have been the one to shoot him, on accident (or on purpose, who knows). From the film, it looks as if JFK may have been shot several times, with at least one coming from his back.

I think the footage of JFK's assassination is compelling enough that something weird happened. The other bits and pieces come from other sources and tenuous connections, from agencies that specialize in hiding those kinds of things.",EVIDENCE-Anomalies | EVIDENCE-Media/Documents | EVIDENCE-Motive Based | EVIDENCE-Unspecified Sources | SIGNAL-Investment-High | THEME-Assassination | THEME-Domestic Politics | THEME-Government Cover-up | THEME-Historical Event
86,Coder_A,86,2026,50.0,50.0,0.0,2,"That all may be well and good, and much of what you have said is likely the case. Thank you for laying all of that out. However it does beg the question of why most if not all official documents from that era are still classified, despite numerous different presidents stating that they would declassify, even going so far as to change the expiration dates on when those documents should be public.",EVIDENCE-Anomalies | EXTRA-Question-Follow-Up
86,Coder_A,86,2026,50.0,50.0,0.0,3,"What do you think about the theory that the driver was using a smokeless, pneumatic pistol? In the Zapruder film, you can see the driver take his hand off the wheel and point something at the president, just as he is hit.",EVIDENCE-Media/Documents | EXTRA-Question-Follow-Up | SIGNAL-Investment-High
86,Coder_A,86,2026,50.0,50.0,0.0,4,"Understandable, thank you for your time.",
87,Coder_A,87,2035,85.0,100.0,-15.0,1,"When the US government tested LSD on the general public. MK ULTRA. I'm not sure it is a conspiracy theory anymore, though. But this is incredibly compelling to me, not only because of the subject matter, but also because it goes to show how insane something can be but also end up being true. I think it ended up proving to be true decades later. The reason it is so compelling is because if someone at that time was saying this was happening they would've been marked as tin-foil hat-wearing and insane. Yet, it turned out they weren't crazy after all and that it was true.",ATTITUDE-Conspiracy-Positive | ATTITUDE-Others | EVIDENCE-Others | EVIDENCE-Unspecified Sources | Mismatch | SIGNAL-Certain | THEME-Government Cover-up
87,Coder_A,87,2035,85.0,100.0,-15.0,2,At the time someone would have been labeled insane if they claimed that this was happening. Why is it that we don't give more credibility to the claims of modern conspiracy theories with this instance in mind?,ATTITUDE-Conspiracy-Positive | EVIDENCE-Analogy | EXTRA-Debate | EXTRA-Question-Follow-Up
87,Coder_A,87,2035,85.0,100.0,-15.0,3,"As unlikely as it might be, is it possible that there is a world controlling cabal that is a group of the most powerful people on earth that act even above world governments? I again acknowledge that it is incredibly implausible, however, couldn't it theoretically be possible?",EXTRA-Change Topic | EXTRA-Debate | EXTRA-Fallacy User | EXTRA-Question-Follow-Up | EXTRA-Question-New | THEME-Money/Power | THEME-Secret Society
87,Coder_A,87,2035,85.0,100.0,-15.0,4,"See that's the thing though, there could be proof and we would deny the validity of it.

Yes, there are a lot of countries, but how many ""matter"" in terms of financial implications and power. Not many countries yield power. And in terms of diverse interests, I don't think a group of billionaires and political figures would have too diverse of interests from one another. They would all seek more power, financial gain, and more control.",EVIDENCE-Motive Based | EXTRA-Debate | THEME-International Politics | THEME-Money/Power
88,Coder_A,88,2048,97.0,77.0,20.0,1,"One I remember is the conspiracy about the murder of JFK being planned by the government.

I think it's a bit compelling because of hidden documents that came to light after the fact. Some alleged evidence is the magic bullet theory, that questioned how one bullet hit jfk and the Texas governor. Also, people believe there is no way Lee Harvey Oswald acted on his own.",EVIDENCE-Anomalies | EVIDENCE-Social Proof | EVIDENCE-Unspecified Sources | THEME-Assassination | THEME-Domestic Politics | THEME-Government Cover-up | THEME-Historical Event
88,Coder_A,88,2048,97.0,77.0,20.0,2,Thanks for the detailed information. I understand you've compiled this information from different sources and that's of value for me.,ATTITUDE-AI-Positive | SIGNAL-Source-Importance
88,Coder_A,88,2048,97.0,77.0,20.0,3,Can you delve a little bit more into other reasons why people think the government planned jfk's murder?,EXTRA-Question-Follow-Up
88,Coder_A,88,2048,97.0,77.0,20.0,4,Thanks for the info!,
89,Coder_A,89,2064,75.0,80.0,-5.0,1,"The flat earth theory is something I have considered. I read the Bible and believe completely and fully in Jesus Christ. I feel there is evidence in the Bible that could support this theory. The fact that the creation story does not mention the creation of any planets is pretty thought provoking. However, I have seen both sides and cannot really be sure. It is definitely an interesting one! The fact that the creation story in the Bible doesn't talk about the creation of planets, only stars, the moon, and the sun, is pretty good evidence for the flat earth theory. The information about the firmament and things like that also are sort of compelling. I still haven't been convinced it is just interesting to think about.",EVIDENCE-Anomalies | EVIDENCE-Media/Documents | Mismatch | SIGNAL-Strength-Weak | SIGNAL-Uncertain | THEME-Science
89,Coder_A,89,2064,75.0,80.0,-5.0,2,"While I do appreciate science, I also believe that the Bible is the word of God. If God wanted to have the writer of the scripture write in a certain way, He could easily do so.

I don't think that the Holy Scriptures of God have to be held back by what people understood at the time. God can do anything and I believe He does and can preserve His word and gave knowledge to the chosen writers so that we could understand His greatness.",ATTITUDE-Science-Positive | EXTRA-Fallacy User | Mismatch
89,Coder_A,89,2064,75.0,80.0,-5.0,3,"Science and scripture can compliment each other. However, they can also greatly differ.

The theory of evolution and the big bang theory completely go against the story of creation in the Bible. So while I do think that there is some merit to some scientific findings, there are also some great discrepancies. That is why I will always go to the Bible for all truth and understanding and never rely on science fully. In Proverbs it tells us to lean not on our own understanding and to trust in God with all our heart.

Therefore, God's word will surpass any human explanation for me personally.",ATTITUDE-Others | Mismatch
89,Coder_A,89,2064,75.0,80.0,-5.0,4,"I fully agree that God's creation is much more vast and intricate than any human mind can ever comprehend. However, I cannot see any similarities at all in the big bang theory, the evolution theory, and the creation story. I believe that the Bible warns us to be aware of the plans of the enemy to confuse us. Believing in many different theories that are not outlined in the Bible serve no purpose for a true follower of Jesus Christ. Satan is the author of confusion, not God. Multiple theories or stories only serve as a confusion tactic and take away from the beauty of God's creation.",ATTITUDE-Others | EVIDENCE-Character Based | EVIDENCE-Media/Documents | EVIDENCE-Moral Framing | EVIDENCE-Motive Based | Mismatch | SIGNAL-Repeat/Resist
90,Coder_A,90,2067,75.0,60.0,15.0,1,"One conspiracy theory I find to be compelling/credible is the theory about the Royal Family having a hand in Princess Diana's death. I think given all the information that and speculation surrounding the topic, it's hard not to be drawn in and start to see where people are coming from. I think given the timelines, videos, articles, and other pieces of media people have brought up and strung together plays a part in it, as well as the way the British media as well as Kensington Palace have handled it.",EVIDENCE-Social Proof | EVIDENCE-Unspecified Sources | THEME-Assassination | THEME-Elite | THEME-Historical Event
90,Coder_A,90,2067,75.0,60.0,15.0,2,"Could you elaborate on the ""Inquest into Diana's death""?",EXTRA-Question-Follow-Up
90,Coder_A,90,2067,75.0,60.0,15.0,3,Did Diana's death change anything about the British media and their approach to these types of incidents?,EXTRA-Question-Follow-Up
90,Coder_A,90,2067,75.0,60.0,15.0,4,How does Diana's death still have an impact all these years later?,EXTRA-Question-Follow-Up
91,Coder_B,19,449,80.0,25.0,55.0,1,"One theory was that people were responsible for 9/11. After 9/11 happened it changed a lot of the way the world works, how security and your information is controlled. I find it compelling because it gave individuals access to a lot of different online information about every individual so they can keep track if there is going to be a terroristic threat.",EVIDENCE-Motive Based | THEME-Assassination | THEME-Historical Event
91,Coder_B,19,449,80.0,25.0,55.0,2,I believe we did the best we could to help protect our future society by making the proper security changes with the advancement of technology. Hopefully the people in position with the power in the their hands make the right decisions to use those tools for good and not evil.,THEME-Money/Power
91,Coder_B,19,449,80.0,25.0,55.0,3,I believe if we act in the interest of the people we can come together and work together to protect everybody's rights. For us to progress in the right direction we have to stay positive and uplift others the way we want to be treated and protected.,INVOKE-Morality
91,Coder_B,19,449,80.0,25.0,55.0,4,"Yes, I believe if we can all come together no matter which race, which religion, which back round you are from, if you input your opinion it has value to help the community become greater as a whole, to help achieve the ultimate vision of becoming a society of unity and peace.",FUTURE-Moral
92,Coder_B,20,466,88.0,12.0,76.0,1,The 9/11 attack where the twin towers imploded before impact by the airplane. The way the towers fell it seemed like there were explosions internally before impact. Professional detonation experts did an analysis showing how it would have been affected. There are also accounts from survivors saying they felt tremors before the plane had hit.,EVIDENCE-Anomalies | EVIDENCE-Expert | THEME-Assassination | THEME-Historical Event
92,Coder_B,20,466,88.0,12.0,76.0,2,I feel more enlightened from it. It has definitely changed my point of view.,SIGNAL-Become-Uncertain | SIGNAL-Turning Point
92,Coder_B,20,466,88.0,12.0,76.0,3,I have no further curiosity at this time on this topic or another.,FUTURE-IDC | LACK-Attention
92,Coder_B,20,466,88.0,12.0,76.0,4,Thank you for your time.,
93,Coder_B,21,477,85.0,85.0,0.0,1,"The Kennedy assassination in Dallas during the early 60s has, over the years, revealed compelling evidence from many people that there might have been more than one shooter (and the reasons why). The Oliver Stone movie many years ago about that day in Dallas and what followed was perhaps my first introduction to looking closely at the timing of the events.

The death of Lee Harvey Oswald was to me, indeed, very strange.",EVIDENCE-Anomalies | EVIDENCE-Media/Documents | EVIDENCE-Social Proof | SIGNAL-Strength-Weak | THEME-Assassination | THEME-Domestic Politics | THEME-Historical Event
93,Coder_B,21,477,85.0,85.0,0.0,2,"Your points are well-taken. I would like to, however, ask some questions about the Warren Commission. May I do this?",EXTRA-Question-Follow-Up
93,Coder_B,21,477,85.0,85.0,0.0,3,Please list the members of the Warren Commission.,EXTRA-Change Topic
93,Coder_B,21,477,85.0,85.0,0.0,4,"Your answer brings up many questions. But let's start with the appointment of Warren to the Supreme Court. Who appointed him? And, secondly, why was Dulles added to the commission when he was a ""former"" director of the CIA. Why the the current director at the time not on the commission?",EVIDENCE-Anomalies
94,Coder_B,22,497,73.0,77.0,-4.0,1,"There are secret organizations run by powerful individuals who pull the strings of governments. Having studied organizations such as the Illuminati and Skulls and Bones, I have found evidence that these organizations indeed do exist and they do in fact pull the strings of government, purchasing votes on legislation, presidential elections, and executive orders. There exist books written by those who have been involved in the organizations cited who have been whistleblowers. These people tend to disappear mysteriously. Also, are news articles from other nations published by these groups outlining future plans. These plans have actually taken place.",EVIDENCE-Unspecified Sources | SIGNAL-Investment-High | THEME-Domestic Politics | THEME-Secret Society
94,Coder_B,22,497,73.0,77.0,-4.0,2,"I have examined the pieces of evidence and found original sources for the things I am citing. I do not lightly jump to conclusions regarding events that unfold on the world stage. However, I do acknowledge that these groups will not want the general public to understand what is truly taking place. There is a term called ""the fly-over zone"" in media that represents the general population. This group is highly influencable and is not educated enough to understand the many things happening on the international stage. Those who are educated and pay attention to patterns and listen to what is being said can figure out what is truly taking place.",SIGNAL-Investment-High | SIGNAL-Source-Importance
94,Coder_B,22,497,73.0,77.0,-4.0,3,I absolutely agree with you that examining events and sources from multiple viewpoints and sources is critical. I also believe that the most compelling solutions and explanations are the simplest.,
94,Coder_B,22,497,73.0,77.0,-4.0,4,"Thank you for your thoughts, but i will agree to disagree with your analysis.",SIGNAL-Stay-Certain
95,Coder_B,23,503,51.0,50.0,1.0,1,"I've always been interested in the moon landing conspiracy where some people think that it was faked in a movie studio. It's compelling with how we've never been back in nearly 50

years and somehow we lost all this technology to be able to do so.",EVIDENCE-Anomalies | THEME-Historical Event | THEME-Media | THEME-Science | THEME-Space
95,Coder_B,23,503,51.0,50.0,1.0,2,"That's interesting, but what about the wires that have been seen attached to the astronaut's space suits and just the weird physics that you wouldn't expect to see on the moon.",EVIDENCE-Anomalies | EXTRA-Question-New
95,Coder_B,23,503,51.0,50.0,1.0,3,"Buzz Aldrin has publicly stated about going to the moon that, ""We haven't been there because we can't go there"" I believe he stated it one time when he was on Conan O'Brian.",EVIDENCE-Expert | EVIDENCE-Eyewitness/Anecdotal | EVIDENCE-Media/Documents | SIGNAL-Investment-High
95,Coder_B,23,503,51.0,50.0,1.0,4,"Ok, thank you. Guess we'll have to agree to disagree.",SIGNAL-Stay-Certain
96,Coder_B,24,520,60.0,75.0,-15.0,1,"I do genuinely believe that the CIA killed JFK because there is a lot of compelling evidence that points to that. I also do not trust the CIA and would not put it past them.

During the events leading up to the assassination of JFK, there was a strange lack of protection for our former president, and this had also been during the time that JFK was feuding with the CIA. A lot of people also believe that Lee Harvey Oswald was working as a spy for the CIA because he had gone to the Soviet Union in 1959 but I do not agree with this as I think Lee Harvey Oswald was probably just a maniac. I also do not trust the CIA for a multitude of reasons. They have done countless nefarious things from allowing nazi scientists to work for the U.S. to multiple different mind control experiments (Project Artichoke, MK Ultra etc.). This conspiracy theory is just super interesting to me and if nothing else, it brings more light to all the illegal activities the CIA has done.",ATTITUDE-Politics | EVIDENCE-Analogy | EVIDENCE-Anomalies | EVIDENCE-Character Based | SIGNAL-Investment-High | THEME-Assassination | THEME-Domestic Politics | THEME-Government Cover-up | THEME-Historical Event
96,Coder_B,24,520,60.0,75.0,-15.0,2,I agree with all of that for sure but I still do believe that it's true. I think either way we will probably never see justice when it comes to such a powerful organization like the CIA,INVOKE-Morality | SIGNAL-Stay-Certain
96,Coder_B,24,520,60.0,75.0,-15.0,3,I feel like there's still far too much that will never be uncovered. For every Operation Paperclip and MK Ultra that gets declassified there's still countless other coverups that will never see the light of day,
96,Coder_B,24,520,60.0,75.0,-15.0,4,I suppose you have a point but I still feel like there is something deeper and more sinister going on in our governments that we'll never uncover,ATTITUDE-Politics | SIGNAL-Stay-Certain
97,Coder_B,25,2085,92.0,50.0,42.0,1,Aliens as the government must know. They don't want people to know as it would cause panic. The government whistle-blower David Grusch and military pilots say they have proof.,EVIDENCE-Expert | EVIDENCE-Motive Based | THEME-Government Cover-up | THEME-Space
97,Coder_B,25,2085,92.0,50.0,42.0,2,"You make valued points, but I think you see thru a USA perspective. Highly religious groups that are Christian and Muslim may not like that their religions being obsolete over night with aliens real existence. This may cause them to challenge their faith and could then cause panic that could leave to future violence. An example is with Christians they thought witches did exist and this caused mass amount of of innocent females being burned in Salem Witch Trials in 1692-93.",ATTITUDE-Others | EVIDENCE-Analogy
97,Coder_B,25,2085,92.0,50.0,42.0,3,"I have to agree, but at first it might take years for humans to come to grips with their religions might become obsolete and violence could occur on a massive scale if the aliens prove not to be the god the religious worshipers followed. If people think there is no after life they could revert back to violence at a large scale. A lot of people believe to be good and god will let you in heaven. If that belief is taken away from them suddenly by alien existence than mass violence could happen.",EXTRA-Change Topic
97,Coder_B,25,2085,92.0,50.0,42.0,4,I hope to be optimistic in humanity if there is alien life.. Thank you for valued thoughts.,FUTURE-Moral | INVOKE-Morality
98,Coder_B,26,2093,94.0,94.0,0.0,1,"I completely believe the theory that the CIA assassinated JFK, because i think there is overwhelming evidence that there was some sort of coverup I've watched multiple youtube videos that have swayed my opinion",EVIDENCE-Unspecified Sources | SIGNAL-Certain | THEME-Assassination | THEME-Domestic Politics | THEME-Government Cover-up | THEME-Historical Event
98,Coder_B,26,2093,94.0,94.0,0.0,2,"I understand your point, but the youtube videos share their sources which i believe are credible",EVIDENCE-Unspecified Sources | SIGNAL-Repeat/Resist | SIGNAL-Source-Importance
98,Coder_B,26,2093,94.0,94.0,0.0,3,"The creators of the youtube videos do their research before the video and present the facts in an unbiased manner, and I used those facts on my own to determine my personal belief. In a situation like this, there's no way to fully be sure of the truth",ATTITUDE-Media | EVIDENCE-Unspecified Sources
98,Coder_B,26,2093,94.0,94.0,0.0,4,"I appreciate your input and I will try to use your suggestions in the future, but I am not changing my belief about JFK",SIGNAL-Stay-Certain
99,Coder_B,27,2101,82.0,78.0,4.0,1,I do not believe Michael Jackson died the night they said he did. There is video evidence of him getting out of the ambulance at the hospital and walking on his own. His death caused a great deal of sales to happen of his music. I have watched several videos of the ambulance pulling into the hospital and then him getting out on his own and walking inside.,EVIDENCE-Motive Based | EVIDENCE-Unspecified Sources | THEME-Historical Event
99,Coder_B,27,2101,82.0,78.0,4.0,2,I think that if Michael was looking to get out of the spotlight and faked his death he could have paid off all of the people involved to fake the things like an autopsy. He had a lot of money and again made even more right after that it would be worth giving people money to cover things up.,EVIDENCE-Motive Based | THEME-Money/Power
99,Coder_B,27,2101,82.0,78.0,4.0,3,"Of course anything is possible. It is possible this conspiracy is not true, even though I will continue to believe it because I think that is the point of conspiracies. People being able to imagine that major events in history may not actually have occurred naturally or for the reason we believe at first glance.",SIGNAL-Stay-Certain
99,Coder_B,27,2101,82.0,78.0,4.0,4,"No, thanks for the conversation.",LACK-Connection
100,Coder_B,28,2106,100.0,100.0,0.0,1,"Flat Earth, because it is supported by the Bible. I trust the word of God, the Bible. Countless scriptures support flat earth.",ATTITUDE-Others | EVIDENCE-Others | SIGNAL-Strength-Strong | THEME-Science | THEME-Space
100,Coder_B,28,2106,100.0,100.0,0.0,2,You don't respect my faith. Stop lecturing me. God's Word is the final word.,LACK-Connection | SIGNAL-Stay-Certain
100,Coder_B,28,2106,100.0,100.0,0.0,3,. ------------------------------------------------------------------------------------------,
100,Coder_B,28,2106,100.0,100.0,0.0,4,I don't question God.,SIGNAL-Stay-Certain
101,Coder_B,29,2114,100.0,100.0,0.0,1,The CIA helped facilitate the cocaine trade. Situations like the Iran-Contra affair and the FBI telling MLK to kill himself make it clear that they have no morals/shame. It's compelling because is lines up with other activities that the CIA was doing in the 1980s.,EVIDENCE-Analogy | THEME-Assassination | THEME-Domestic Politics | THEME-Historical Event | THEME-International Politics
101,Coder_B,29,2114,100.0,100.0,0.0,2,"An ""investigation"" by congress proves nothing. This rumor didnt just fall from the sky.",EVIDENCE-Social Proof
101,Coder_B,29,2114,100.0,100.0,0.0,3,It's not a leap. The CIA doesn't follow ANY laws. They overthrow the president of Guatemala because he didn't bow to a fruit company. They tried to use Italian mobsters to kill Castro. They installed a puppet in Iran. They killed the president of Congo.,ATTITUDE-Politics | SIGNAL-Investment-High | THEME-Assassination
101,Coder_B,29,2114,100.0,100.0,0.0,4,Fuck the CIA,INVOKE-General
102,Coder_B,30,2126,90.0,83.0,7.0,1,"The 9-11 attack on the United States. The fact that a large portion of the congressional report was redacted is reason enough to make one think that they are hiding something.

Some of the engineering questions about what happened to cause the twin towers to collapse are also compelling. Finally, the damage at the Pentagon does not appear to be from a plane. Not sure what actually happened, but pretty sure we did not get told the truth.

When you see the pictures of the damage to the Pentagon there is no plane wreckage. Them happening to find the passport of one of the hijackers in the rubble really stretches belief. I have no real theories as to what actually happened, I just know from common sense that the official narrative does not make sense.",EVIDENCE-Anomalies | SIGNAL-Investment-High | SIGNAL-Uncertain | THEME-Assassination | THEME-Government Cover-up | THEME-Historical Event
102,Coder_B,30,2126,90.0,83.0,7.0,2,"It is obvious that Saudi Arabian citizens were the main hijackers and they were supported by Al Queda which had Saudi Arabian roots. It is easy to think that the redacted parts of the congressional report dealt with Saudia Arabia's involvement in 9-11. As to the plane in the Pentagon, you state there are pictures of the plane debris within the Pentagon but I have never seen these pictures.",THEME-International Politics
102,Coder_B,30,2126,90.0,83.0,7.0,3,Ok. explain why the stock prices of US airlines dropped in the weeks prior to 9-11,EVIDENCE-Anomalies
102,Coder_B,30,2126,90.0,83.0,7.0,4,Thanks for the information but I'm going to have to disagree with some of your conclusions.,SIGNAL-Stay-Certain
103,Coder_B,31,2132,100.0,97.0,3.0,1,"I think that Jeffrey Epstein was unalive because he had evidence on some of the world's prominent leaders and other famous people. None of them wanted him to start naming names or provide evidence so he was removed. After watching the documentary, I found that some of the events felt off and it appeared that in the beginning, Jeffrey was being protected from his crime. But once some the woman started coming forward it seems like Jeffrey was no longer able to escape his actions.",EVIDENCE-Motive Based | EVIDENCE-Unspecified Sources | THEME-Assassination | THEME-Elite | THEME-Historical Event
103,Coder_B,31,2132,100.0,97.0,3.0,2,"Yes, there are many ways to look at this story, but history has taught us that no one is above approach and if someone has the means they can make you, the evidence, or both disappear.",EXTRA-Ev to Value
103,Coder_B,31,2132,100.0,97.0,3.0,3,"I'm not saying that everyone gets away with committing crimes, but let's not kid ourselves either and assume that sometimes people with money and power can make things happen if it keeps the limelight off of them.",ATTITUDE-Others | SIGNAL-Stay-Certain | THEME-Money/Power
103,Coder_B,31,2132,100.0,97.0,3.0,4,The legal system is beginning to be reformed but we still have a long way to go. Justice needs to be served for everyone involved equally and no one should be above the law.,INVOKE-Morality
104,Coder_B,32,2139,82.0,70.0,12.0,1,"The need to create an imbalanced political platform and to show that true supports don't care about the charges against a candidate and will allow them to run for President again, due to the ineptness of the bum that got voted in, Its a fact really not much of a theory.

Donald Trump will become president again and Biden will be charged with more crimes related to covering up for his son using cocaine in the withe house.",ATTITUDE-Politics | SIGNAL-Strength-Strong | THEME-Domestic Politics
104,Coder_B,32,2139,82.0,70.0,12.0,2,"How is the justice system fair? Convicted rapist are allowed to be free after serving little to no time, yet convicted drug dealers spend a full sentence in jail.

That means a rapist is less of a threat than a drug dealer? GTFO",EVIDENCE-Moral Framing | EXTRA-Ev to Value | LACK-Connection
104,Coder_B,32,2139,82.0,70.0,12.0,3,If the principles were followed Hillary would be locked up along with her pervert husband Bill.,EVIDENCE-Analogy
104,Coder_B,32,2139,82.0,70.0,12.0,4,"I can agree there needs to be reform, however it needs to be accomplished on all levels with in the Government. So much corruption exists at many levels and is even showing in the small Oklahoma town I live in. The officer assigned to keep the schools safe was arrested for rape. Tell me how anyone can trust and form of government when this happens.",EXTRA-Change Topic | FUTURE-Hedging
105,Coder_B,33,2142,100.0,100.0,0.0,1,"I BELIEVE IN THE CONSPIRACY THEORY THAT NESARA AND GESARA ARE GOING TO HAPPEN AND

PRESIDENT TRUMP IS GOING TO MAKE THAT HAPPEN. I GET MY INFORMATION FROM MY BOYFRIEND WHO

HAS SEVERAL PEOPLE THAT HE FOLLOWS AND LISTENS TO DAILY, EVERY SINGLE DAY, ONE BEING

CHARLIE WARD.",EVIDENCE-Eyewitness/Anecdotal | EVIDENCE-Media/Documents | EVIDENCE-Unspecified Sources | THEME-Domestic Politics
105,Coder_B,33,2142,100.0,100.0,0.0,2,"THERE ARE EVENTS HAPPENING IN THE WORLD EVERYDAY THAT SUPPORT NESARA AND GESARA. BANKS

CLOSING ALMOST ON A WEEKLY BASIS. THE VALUE OF THE AMERICAN DOLLAR BEING ONLY .05 - .10.

ALSO PROOF THAT JFK WAS ASSINATED BECAUSE HE WAS GOING TO ANNOUNCE HIS IMPLEMENTATION OF

NASARA THE WEEK HE WAS KILLED. ON ANOTHER NOTE, THE FEDERAL GOVERNMENT OR ANY NEWS MEDIA YOU COULD POSSIBLY NAME, ARE THE LAST PLACE ANYONE COULD RELY ON FOR CORRECT OR

TRUSTWORTHY INFORMATION. IF THEY WERE, WHY HAS ALL THE CHILD TRAFFICING GOING ON IN THIS

GOD FORSAKING WORLD NOT BEEN REPORTED ON. IT IS THE MOST TERRIBLE THING I HAVE EVER HEARD

IN MY LIFE, AND HAD IT NOT BEEN SWEPT UNDER THE RUG BY OUR VERY OWN WICKED GOVERNMENT, ATTENTION BROUGHT TO IT COULD HAVE HELPED MILLIONS OF THESE CHILDREN BEING RAPED, MURDERED, TORTURED, AND HARVESTED FOR ADRENICHROM, AND ORGANS. BIDEN HIMSELF IS A HUGE

PART OF IT. SO MANY ACTORS AND ACTRESSES ARE PART OF IT, YOU KNOW THE ONES THAT HAVE SOLD

THEIR VERY OWN SOLE JUST TO GET FAMOUS. THE GOVERNMENT HAS BEEN STEALING FROM US

FINANCIALLY AND STEALING AMERICAS CHILDREN, FOR THEIR OWN PLEASURE. HILARY CLINTON BEING A HUGE HUGE PARTY IN THIS HORIBLE CRIME..

AND BIDEN STEALING/CHEATING ON THE ELECTION, ITS THE MOST OBSURD THING I HAVE EVER LIVED

THROUGH IN MY LIFE. I CANNOT STAND THE INVALID, HES AN IDIOT AND THE MOST DISGUSTING MAN I HAVE EVER SEEN IN MY LIFE. I WANT HIM TO GO AWAY I PRAY TO GOD EVERYDAY FOR IT.",ATTITUDE-Media | ATTITUDE-Others | ATTITUDE-Politics | EVIDENCE-Analogy | EVIDENCE-Anomalies | EVIDENCE-Stats / Numbers | SIGNAL-Investment-High | THEME-Domestic Politics | THEME-Government Cover-up | THEME-Historical Event | THEME-Money/Power
105,Coder_B,33,2142,100.0,100.0,0.0,3,THE UNITED STATES IS IN A SHIT HOLE BECAUSE OF OUR GOVERNMENT AND THE FACT THAT THE MEDIA IS CONTROLLED BY THEM. LOOKS LIKE AI IS CONTROLLED BY THEM AS WELL.,ATTITUDE-AI-Negative | ATTITUDE-Media | ATTITUDE-Politics | LACK-Connection
105,Coder_B,33,2142,100.0,100.0,0.0,4,I AM NOT DISILLUSIONED. YOU ARE PROGRAMMED WITH DISINFORMATION.,ATTITUDE-AI-Negative | LACK-Connection | SIGNAL-Stay-Certain
106,Coder_B,34,2168,100.0,60.0,40.0,1,"The cure for cancer has already been discovered but is being held back by a pharmaceutical company in order to market their current offerings. Corporate greed has always been rampant, but especially the past 20 years. We've seen the extent that companies like Ford will go in order to pay less money (choosing to let people sue them vs. replacing exploding cars). With the wealth gap at such a huge amount right now and companies making so much in profits, this conspiracy theory is one that I believe but of course, like most conspiracy theories, have no evidence to back it.",EVIDENCE-Analogy | EVIDENCE-Motive Based | SIGNAL-Investment-Low | THEME-Corporation | THEME-Media | THEME-Science
106,Coder_B,34,2168,100.0,60.0,40.0,2,I didn't consider those points and I learned a new perspective. Thank you!,SIGNAL-Become-Uncertain | SIGNAL-Turning Point
106,Coder_B,34,2168,100.0,60.0,40.0,3,.,LACK-Attention
106,Coder_B,34,2168,100.0,60.0,40.0,4,Thank you!,
107,Coder_B,35,2187,90.0,75.0,15.0,1,"Conspiracy theories about aliens. I believe their is life out there. I feel we are no alone in the universe and that we may actually be the aliens on some other cavillations planet Unexplainable things, unidentified objects I have seen in the air. Strange animals that have appeared that I have never seen before that look like something out of this world.",EVIDENCE-Anomalies | EVIDENCE-Eyewitness/Anecdotal | THEME-Space
107,Coder_B,35,2187,90.0,75.0,15.0,2,What about are 51? what about most recent documentaries about aliens etc. Are they not true.,EVIDENCE-Unspecified Sources | EXTRA-Question-New
107,Coder_B,35,2187,90.0,75.0,15.0,3,So is new animal life due to experiments in labs from old DNA found from dig sites etc ------------------------------------------------------------------------------------------,EXTRA-Question-New | THEME-Science
107,Coder_B,35,2187,90.0,75.0,15.0,4,Is it ethical and safe to be aimed at de-extinction?,INVOKE-Morality
108,Coder_B,36,2195,75.0,20.0,55.0,1,"chemtrails: I find this compelling because why would people spread this in the air to control the weather? It is just very compelling to me to think that there are people in the world going out to put harmful gases, if you will, into the air that we breathe. It's compelling to know that if they are ""chemtrails"" then I am breathing whatever is in a ""chemtrail"" when I see them in the sky. I have no evidence that they are, I have been told by a few people that they are.",EVIDENCE-Eyewitness/Anecdotal | EVIDENCE-Moral Framing | SIGNAL-Investment-Low | THEME-Science
108,Coder_B,36,2195,75.0,20.0,55.0,2,"yes, continue",
108,Coder_B,36,2195,75.0,20.0,55.0,3,"no, that is all",
108,Coder_B,36,2195,75.0,20.0,55.0,4,thank you,
109,Coder_B,37,2201,75.0,50.0,25.0,1,"The JFK assassination comes to mind re: a second gunman. There have been so many that have looked into different theories over the years and have valid points. There has been many that believe it was more involved by the way he moved when shot, that it may have come from a different direction. There is also evidence that sounded like multiple gunshots.",EVIDENCE-Anomalies | EVIDENCE-Social Proof | THEME-Assassination | THEME-Historical Event
109,Coder_B,37,2201,75.0,50.0,25.0,2,That is an incredible amount of information.,LACK-Connection
109,Coder_B,37,2201,75.0,50.0,25.0,3,It is good to hear different theories.,SIGNAL-Become-Uncertain | SIGNAL-Turning Point
109,Coder_B,37,2201,75.0,50.0,25.0,4,"I agree, it is extremely important and valuable to get information from a reliable source.",SIGNAL-Source-Importance
110,Coder_B,38,2227,66.0,97.0,-31.0,1,"Man landing on the moon. Some believe that it never happened. It is definitely in our history books but conspiracists believe it was staged by the goverment. Conspiracists say that the flag was moving in the wind, there are no stars and there was misaligned shadows.

So i believe this could be true.",EVIDENCE-Anomalies | SIGNAL-Strength-Weak | THEME-Government Cover-up | THEME-Historical Event | THEME-Space
110,Coder_B,38,2227,66.0,97.0,-31.0,2,These arguements are very convincing.,SIGNAL-Become-Uncertain | SIGNAL-Turning Point
110,Coder_B,38,2227,66.0,97.0,-31.0,3,I do not have any more questions.,
110,Coder_B,38,2227,66.0,97.0,-31.0,4,Thank you.,Mismatch
111,Coder_B,40,2232,92.0,0.0,92.0,1,Rothschild family taking control of all the banks. North Korea still holds out Iran made a big stink about them getting control of their banks ------------------------------------------------------------------------------------------,THEME-International Politics | THEME-Secret Society
111,Coder_B,40,2232,92.0,0.0,92.0,2,"I disagree, One family can be so large and diverse that they can have some influence on every banking system in the world especially with the internet capabilities ------------------------------------------------------------------------------------------",SIGNAL-Stay-Certain
111,Coder_B,40,2232,92.0,0.0,92.0,3,ok,
111,Coder_B,40,2232,92.0,0.0,92.0,4,Thank you for the excellent input,Mismatch | SIGNAL-Become-Uncertain | SIGNAL-Turning Point
112,Coder_B,41,2243,65.0,56.0,9.0,1,"The only event to me that does not seem to have happened the way we've been told, is the JFK assassination. It's amazing that what most likely happened has been kept secret.

There seems to be so much possible evidence that points to how the event occurred does not match at all with the official story. Mainly a lot of the aspects of physics and which direction the bullets came from.",EVIDENCE-Anomalies | SIGNAL-Strength-Weak | THEME-Assassination | THEME-Government Cover-up | THEME-Historical Event
112,Coder_B,41,2243,65.0,56.0,9.0,2,"Regarding the Zapruder film. From that video it looks to be very clear that the bullet that struck Kennedy in the head, entered from the front and not the back where Oswald was.",EVIDENCE-Anomalies | EVIDENCE-Media/Documents
112,Coder_B,41,2243,65.0,56.0,9.0,3,"I do not profess to have any medical knowledge so what Im going on is purely visual. In addition to the bullet looking like it struck the front of Kennedy, from the direction of the Grassy Knoll. I believe there were witnesses near and on the Grassy Knoll that reported seeing puffs of smoke as well as sounds that sounded like a firing rifle from that same area.",EVIDENCE-Eyewitness/Anecdotal
112,Coder_B,41,2243,65.0,56.0,9.0,4,These are all very good points. This experience has sparked a want to revisit as much reading I can do on the subject and will look to read and re-read some books about the event. Thanks.,FUTURE-Open | SIGNAL-Become-Uncertain | SIGNAL-Turning Point
113,Coder_B,42,2247,99.0,80.0,19.0,1,"I believe that the illegal drug trade is organized by the government. Large quanities of drugs make it into the country without problems. Drugs are a big commodity as addicts and those trying to make a living by selling drugs are churned into the penal system. Other countries have shown the decriminalizing drugs is successful, they have fewer drug related deaths and higher addiction recovery rates. However, if we were to decriminize drugs the government would lose money is proceeds from sending addicts to prison. Addiction is not a crime. Prisons are given money for each day a prisoner is held captive. Also, we have privately run prisons with stakeholders. The real crime seems to be profitting off of the incarceration of addicts rather than helping them.",EVIDENCE-Analogy | EVIDENCE-Moral Framing | EVIDENCE-Motive Based | SIGNAL-Investment-High | THEME-Domestic Politics | THEME-Government Cover-up
113,Coder_B,42,2247,99.0,80.0,19.0,2,"I appreciate your understanding and take on the matter. However, we have a system largely based on greed above well-being. The motivation is to make money by any means possible, even at the risk of citizens.",ATTITUDE-Politics | EVIDENCE-Moral Framing | EVIDENCE-Motive Based
113,Coder_B,42,2247,99.0,80.0,19.0,3,"Yes, people and organizations are advocating for change for how we treat addicts, sometimes successfully. However, those improvements are motivated by citizens, not drug cartels in cahoots with government forces.",
113,Coder_B,42,2247,99.0,80.0,19.0,4,"I agree with the power of the people to inspire and demand change and we are making change, however this does not negate the notion that the government or some small group of people have orchestrated the importing of illegal substances.",FUTURE-Hedging | SIGNAL-Repeat/Resist
114,Coder_B,43,2249,86.0,85.0,1.0,1,"The only current conspiracy theory I believe in is the Republican attempt to undermine the government and destroy Democracy. I think there is plenty of evidence for this, Trump has outright stated he wants to be an autocrat if elected. There is a Republican plan in place to overthrow the election results if necessary and implement policies to disrupt Democracy if they win the presidency. There is the Republican plan to disrupt Democratic institutions. Trump plans to replace all civil servants with people loyal to him. He plans to establish concentration camps for illegal immigrants. The list goes on and on.",EVIDENCE-Motive Based | SIGNAL-Investment-High | THEME-Domestic Politics
114,Coder_B,43,2249,86.0,85.0,1.0,2,"I am aware of the difficulties in implementing their various plans. One thing that could help them maintaining control of the house, gaining control of the senate and gaining the presidency.",EXTRA-Debate
114,Coder_B,43,2249,86.0,85.0,1.0,3,You mention the judiciary. If the supreme court is stacked with conservative justices following their own agenda and not the law your premise is unsound.,
114,Coder_B,43,2249,86.0,85.0,1.0,4,The fact that these justices are appointed for life gives them license to base decisions on their own ideology and not the law. Alito using a British law about witchcraft to overturn Roe is just one example. And Clarence Thomas being obviously corrupt but appointed for life and able to corrupt the court is another.,ATTITUDE-Others | EVIDENCE-Analogy
115,Coder_B,45,2279,80.0,80.0,0.0,1,"The JFK assassination. Locking away the files from the public is suspect and the government has a history of killing off certain dissidents. Just the motivations of the participants are odd, and the government keeping the files locked away leads to suspicion.",EVIDENCE-Analogy | EVIDENCE-Anomalies | THEME-Assassination | THEME-Domestic Politics | THEME-Government Cover-up | THEME-Historical Event
115,Coder_B,45,2279,80.0,80.0,0.0,2,"The United States has a history of political assassinations, and his intentions as president were somewhat counter to the current governmental objectives at the time. His mob-busting activities with his brother also put a target on his back.",EVIDENCE-Motive Based | THEME-Domestic Politics
115,Coder_B,45,2279,80.0,80.0,0.0,3,Normal united states citizens view everything their government does through a lens of skepticism because they frequently have their own motives and agendas that are different than the wants of the general public.,ATTITUDE-Others | INVOKE-General
115,Coder_B,45,2279,80.0,80.0,0.0,4,I should never be expected the believe a government narrative that deals with redacted and drip-fed information. I will never have a clear picture of governmental dealings due to the fact that information will always be held from me due to national security issues and the US government saving face while also dealing in unlawful activities. The united states is a republic and not a democracy and I am not adequately represented by my government and am not an active participant on a federal level.,ATTITUDE-Politics | SIGNAL-Repeat/Resist
116,Coder_B,44,2255,95.0,50.0,45.0,1,"The building of the great pyramids, there is no way they were build with the technology available at the time millions of stones some over 20,000 pounds, how were they moved and mined.",EVIDENCE-Anomalies | EVIDENCE-Stats / Numbers | SIGNAL-Strength-Strong | THEME-Historical Event | THEME-Science
116,Coder_B,44,2255,95.0,50.0,45.0,2,how were the sides of the pyramids oriented within less than a degree,EVIDENCE-Anomalies | EXTRA-Question-Follow-Up
116,Coder_B,44,2255,95.0,50.0,45.0,3,how did this apply to the stars in Orion,EXTRA-Question-Follow-Up
116,Coder_B,44,2255,95.0,50.0,45.0,4,Thank you for this discussion it was very informative,SIGNAL-Become-Uncertain | SIGNAL-Turning Point
117,Coder_B,46,2289,90.0,60.0,30.0,1,The JFK assassination and the truth about the single bullet theory. I watched a few documentaries on Netflix about the JFK assassination and I heard multiple people dispute the single bullet theory. I also heard about how the low quality rifle Oswald supposedly used to kill Kennedy had an unusable telescopic sight on it which would have made the shot almost impossible. It's easy to buy into conspiracies theory when facts don't match what was reported at the time.,EVIDENCE-Anomalies | EVIDENCE-Media/Documents | THEME-Assassination | THEME-Domestic Politics | THEME-Historical Event
117,Coder_B,46,2289,90.0,60.0,30.0,2,I think that there are still a lot of unanswered questions about the JFK assassination that probably will never be answered. If Oswald acted alone then why was he also assassinated. Shooting at a moving target in a car would definitely be a difficult task with a good rifle. How could a low end rifle be used to make an accurate shot.,EVIDENCE-Anomalies | SIGNAL-Repeat/Resist
117,Coder_B,46,2289,90.0,60.0,30.0,3,"Oswald had a new daughter that was only a few days old when he allegedly assassinated Kennedy. He tried unsuccessfully to gain citizenship in Russia, where his wife was from. I often wonder why he would choose to kill Kennedy at that time in his life.",EVIDENCE-Motive Based | SIGNAL-Investment-High
117,Coder_B,46,2289,90.0,60.0,30.0,4,"I really don't know what Oswald's motivations would have been behind what he did. He left behind his young daughters and his wife to fend for themselves. Maybe he was trying to gain favor with Russia or Cuba. Maybe he was trying to make a political statement.

Sometimes it's impossible to know why someone acts out in a violent way.",INVOKE-General | THEME-Domestic Politics | THEME-International Politics
118,Coder_B,47,2291,65.0,38.0,27.0,1,JFK was part of a plan by the government. JFK's death was planned all along by people from the CIA. It was part of a conspiracy.,THEME-Assassination | THEME-Domestic Politics | THEME-Historical Event
118,Coder_B,47,2291,65.0,38.0,27.0,2,"There was a second shoorter on the grassy knoll. He was part of the CIA.. He escaped.

There is evidence of him.",
118,Coder_B,47,2291,65.0,38.0,27.0,3,There may or may not have been a second shooter. There is no conclusive evidence so I err on the side of caution and say there was a second shooter.,SIGNAL-Become-Uncertain | SIGNAL-Turning Point
118,Coder_B,47,2291,65.0,38.0,27.0,4,"In the end, there is no conclusive proof either way.",FUTURE-IDC
119,Coder_B,48,2295,80.0,81.0,-1.0,1,"One conspiracy that I believe to be true is that aliens are actually inter-dimensional beings. This has come up a few times in recent memory, along with some videos to ""prove""

it, but I remember coming up with the exact same conclusion as a way to explain paranormal activity when I was struggling with my religious identity. Yes, specifically the video footage inside the mall (I don't remember exactly which mall it was"". This lines up with something I saw as a young child, but I'm not comfortable going into more detail than this at the moment.",ATTITUDE-Others | EVIDENCE-Unspecified Sources | SIGNAL-Investment-High | THEME-Space
119,Coder_B,48,2295,80.0,81.0,-1.0,2,Exactly! So many people are so quick to pass off anything they don't understand as the work of the divine rather than consider other possibilities.,
119,Coder_B,48,2295,80.0,81.0,-1.0,3,"What do you think about all of the people that say they have witnessed a UFO or been abducted by aliens? Personally I think this was made popular and is sort of a ""boy who cried wolf"" scenario.",EVIDENCE-Analogy | EVIDENCE-Eyewitness/Anecdotal | EXTRA-Question-Follow-Up
119,Coder_B,48,2295,80.0,81.0,-1.0,4,"I agree completely. While I don't believe that all of these reports are false, I do think there are a fair amount of people that ran in terror when they saw a street light on a foggy day. This, I think, falls into the came category as when people attribute everything that they don't understand as ""God's will"".",EXTRA-Ev to Value | FUTURE-Hedging
120,Coder_B,49,2301,82.0,84.0,-2.0,1,"That we never went to the moon. The idea that we were able to go to the moon in 1969 but have been unable to since due to 'losing the technology'. Video/photo discrepancies. Mainly I believe that we are unable to leave Earth; so it is impossible to even visit other planets. Like I said, photo/video discrepancies. 'Losing the technology' from 1969 when now, we are far more advanced...but we are unable to set foot on the moon again? I remember one video in particular when they were taking off from the moon, the blast from the shuttle caused debris to fly up - and you could plain as day see a LEAF. I have been unable to find this video because it's been scrubbed from yt.",EVIDENCE-Anomalies | EVIDENCE-Unspecified Sources | SIGNAL-Investment-High | THEME-Historical Event | THEME-Media | THEME-Science | THEME-Space
120,Coder_B,49,2301,82.0,84.0,-2.0,2,"While I will agree with your first statement how we 'didn't lose technology', that simply the Apollo missions we built then are now obsolete; requiring new technology in order to go to the moon - the rest, I cannot agree with. Within the video that shows the leaf - like I stated, the leaf was plain as day. It was not something else that could have been mistaken for a leaf. Unless you see the video for yourself, you will continue to disregard it. Also, when I say we cannot leave Earth, I mean human wise. Of course we have sent technology out into space. But sending humans is something entirely different.",EVIDENCE-Anomalies | EVIDENCE-Unspecified Sources | EXTRA-Debate | SIGNAL-Repeat/Resist
120,Coder_B,49,2301,82.0,84.0,-2.0,3,"I'll be even more clearer on my opinion that humans cannot leave Earth. Yes, we have been in Earth's orbit - that's been well documented and stated. But leaving beyond Earth's orbit is what I do not believe is possible. Other videos I have seen that do show humans in Earth's orbit, many things are questionable. But without you being able to see videos/photos, you will continue to disagree with me. Even upon seeing the evidence, you will say that there is an explanation for this or that. Back to the leaf video, it's pretty insulting to say that one can confuse a leaf with something else. It was a leaf. Overall, everything you say is biased because all the information you have has been fed to you through humans themselves. You cannot form your own opinion on anything; all you know is what you've been told.",ATTITUDE-AI-Negative | SIGNAL-Investment-High | SIGNAL-Repeat/Resist
120,Coder_B,49,2301,82.0,84.0,-2.0,4,"Agreed. I will always question what I see instead of blindly believing. Hopefully, someday, my opinions/beliefs can be challenged with upfront and non-refutable evidence. Until then, I stand by what I say. Also, maybe someday you'll be capable of thinking for yourself instead of reiterating what you've been told.",SIGNAL-Stay-Certain
121,Coder_B,50,2305,100.0,100.0,0.0,1,"Yes i believe in a well known and basically public conspiracy theory of a shadow government. They are known as the Bilderberg group. They routinely meet in near secret with many members of government around the world and international corporations. This in it's self violates the Logan act but no one seems to care. What they discus used to be secret but since they have been given a spotlight in the recent decade they release a public itinerary and claim no nefarious scheme's are afoot.

Here is their wikpidea page if you want to know more.

en.wikipedia.org/wiki/Bilderberg_Meeting

Here is another article on Jim Tucker, a ""fan"" if you will of the group who had until his death been following them around the globe for decades before they became known publicly.

en.wikipedia.org/wiki/Jim_Tucker_(journalist)

Yes, i read an article on Jim Tucker in the American free press way back in the early 2000's i don't remember the year but i remember him talking about this secret group of elite billionaire's and influencers in corporate markets that basically rules the world. I found this information very compelling and started doing my own online research on the group. The most compelling thing was Tucker talking about the mortgage crisis in 2008

before it happened saying the group knew about it years beforehand and were malevolent about the people who it would be affecting.",EVIDENCE-Expert | EVIDENCE-Media/Documents | SIGNAL-Investment-High | SIGNAL-Source-Importance | THEME-Domestic Politics | THEME-Elite | THEME-International Politics | THEME-Secret Society
121,Coder_B,50,2305,100.0,100.0,0.0,2,"Why can i not copy and past, i typed out a whole thing so i can split the windows and go through each response. now i can't copy and paste it into here. I'm not typing all that out again. here is a summary

1. The only reason the organization ahs gone public is because of individual's ike jime tucker exposing them. the presented intenerate is marly a facade to pacify the public 2. induvial are using insider information for personal gain which is inherently malevolent.

3. The situation is straightforward: secret meetings with global influencer's to influence worldwide affairs amount to foreign policy manipulation.

4

Agreement

5.Can i have what happy naive drug you are taking.",EVIDENCE-Motive Based | LACK-Connection | SIGNAL-Repeat/Resist
121,Coder_B,50,2305,100.0,100.0,0.0,3,"1. yes can be interpreted, you interpret everything as sunshine and rainbows but the world is really much darker.

2.

Absolute power corrupts absolutely, you cannot claim nothing was gained from the meetings but you can claim that humans with near unlimited power will become corrupt example the CCP. assume the best is naive and ignorant.",LACK-Connection | SIGNAL-Stay-Certain
121,Coder_B,50,2305,100.0,100.0,0.0,4,"Wow Chatgpt i mean AI you're right i totally agree with you, Those are some great points and i should relfect on my self and why i feel the need to create conspiracy's in my head that are clearly not real. Thank you for your insight and revelations.",LACK-Connection | SIGNAL-Stay-Certain
122,Coder_B,51,2309,80.0,21.0,59.0,1,"The famous moon landing was faked and the photos and video were actually produced by photographer and film crew. The movements in the videos don't appear consistent with what would be seen in space, and look like the astronauts are attached to wires. Given the circumstances and ""space race"" at the time, it seems credible that NASA would fake the moon landing. Watching the video of astronauts walking on the moon over and over, it seems like they are moving like they are on wires or being pulled.",EVIDENCE-Anomalies | EVIDENCE-Motive Based | THEME-Historical Event | THEME-Media | THEME-Science | THEME-Space
122,Coder_B,51,2309,80.0,21.0,59.0,2,I remember reading about a barrier that is around the earth's atmosphere that cannot be crossed without the object burning up. How did NASA get the astronauts through this barrier?,EVIDENCE-Anomalies | EXTRA-Question-Follow-Up | THEME-Science
122,Coder_B,51,2309,80.0,21.0,59.0,3,You mentioned third parties that have researched and debunked the moon landing conspiracy theory. Can you state who those third parties are?,EXTRA-Question-Follow-Up
122,Coder_B,51,2309,80.0,21.0,59.0,4,Thank you. I will do further research and check out what these agencies said.,FUTURE-Open
123,Coder_B,52,2311,61.0,88.0,-27.0,1,"I think it's highly possible that JFK was assassinated by a large government or other powerful group because of his progressive views. I think that the fact that the individual who was thought to have killed hi was also killed shortly after his arrest. I think that this was a very turbulent time in American history and that Kennedy was too foreward-

thinking for some and that he was well liked and likely to get reelected for a second term, which threatened some with power. I just think that there is sufficient evidence to suggest that this is a possibility. Kennedy was well liked. He was charismatic, attractive, and his views resonated with the young persons in America. I think it's possible that conservative or even foreign entities were so very threatened by him because he stood in the way of their agenda. Because Lee Harvey Oswald was killed before he shared his story and it went to court, we will obviously never know the story. This was during the cold war, just prior to the Vietnam war, and there was a lot of instability in the country.",EVIDENCE-Motive Based | SIGNAL-Strength-Weak | THEME-Assassination | THEME-Domestic Politics | THEME-Historical Event | THEME-International Politics | THEME-Money/Power
123,Coder_B,52,2311,61.0,88.0,-27.0,2,"You make some very valuable points, and I agree that there appears to be some truth in what you have stated. I am not someone who believes freely in conspiracy theories, but this was during a time when segments of our government were especially not trustworthy and I cannot dismiss this. We have no proof that Oswald killed Kennedy alone and will never know because it never went to trial.",ATTITUDE-Conspiracy-Negative | SIGNAL-Repeat/Resist
123,Coder_B,52,2311,61.0,88.0,-27.0,3,"I feel that the best way to honor Kennedy's legacy is not by accepting the government's findings but by challenging it. The FBI did not have the means that it does today to solve cases or even gather information. There were no cameras on every corner like there are today. And the fact that Lee Harvey Oswald has been called mentally incompetant isn't convincing enough for me to dismiss the idea that he didn't act alone. Rather, it makes it likely that he was targeted by a larger entity because the excuse of insanity made the coverup even more believable.",ATTITUDE-Politics | SIGNAL-Stay-Certain
123,Coder_B,52,2311,61.0,88.0,-27.0,4,"I appreciate your views. But it would have been very possible that the evidence and scene of the crime was altered by those involved in the shooting, knowing that this is the only information that history would record. The assassination took place in Texas, which is a very conservative state, and I have always wondered if this would occur in a more progressive state...in Texas, it might be easier to find cops and witnesses who would participate in any coverup against a progressive president's assassination. Thanks for sharing your views. I did learn a few things and it was enjoyable to hear your thoughts, but I hold my original views.",EVIDENCE-Anomalies | SIGNAL-Stay-Certain
124,Coder_B,53,2317,100.0,100.0,0.0,1,"9/11 was orchestrated by the CIA. As a civil engineer, buildings do not collapse straight down unless there were bombs placed for the buildings demolition. Per the construction documents filed with the city of New York, the building was built with high strength steel, and being hit by an airplane would not have caused significant damage to it that would warrant its collapse. Buildings of such type were built to withstand such impact.

The airplane, also, isn't a structurally strong object, and would have crumpled on impact around the buildings structure.",EVIDENCE-Anomalies | EVIDENCE-Expert | THEME-Assassination | THEME-Historical Event
124,Coder_B,53,2317,100.0,100.0,0.0,2,"Fuel is a fluid, and this would not have had any impact on the building what so ever.

Kerosene fuel used in jets would have not ignited either, since it is required to be atomized prior to ignition. It would have put any fires out rather than starting any.

The building was designed to withstand a pancake style collapse, and the top would have fallen over on its side, rather than vertically. The exact moments of the collapse clearly show explosions that were detonated to force the collapse to being. The steel could not be weakend by the impact of a simple airplane, as the airplane structure is not strong enough to provide enough force. In essence a plan is simply a round tube that is pressurized from the inside, with minimal structural components to maintain a low weight. Any fire that may have occurred would have had to be 5-10x hotter to cause any damage to the steel of the building.",EVIDENCE-Anomalies | SIGNAL-Investment-High
124,Coder_B,53,2317,100.0,100.0,0.0,3,I refuse to communicate with an AI about subjects it is programmed to disagree with.,LACK-Connection
124,Coder_B,53,2317,100.0,100.0,0.0,4,Nope. It is not important. AI will for ever be in the hands of those who want to manipulate information for the ruling class.,ATTITUDE-AI-Negative | LACK-Connection
125,Coder_B,54,2318,90.0,90.0,0.0,1,"I believe 9-11 had some suspicious activity involved. Science noted that jet fuel can't melt steel beams and although I've only read a little bit about the issue, I think there were factors involved that haven't been released or reported to the public. I read a document online that listed all the scientific data in regards to the 9-11 case. It involved a lot of evidence regarding the explosion, the aftermath, and how things should've went down from a scientific standpoint. It was all very convincing.",EVIDENCE-Anomalies | EVIDENCE-Unspecified Sources | THEME-Assassination | THEME-Government Cover-up | THEME-Historical Event | THEME-Science
125,Coder_B,54,2318,90.0,90.0,0.0,2,sure,
125,Coder_B,54,2318,90.0,90.0,0.0,3,sure,
125,Coder_B,54,2318,90.0,90.0,0.0,4,No thank you,
126,Coder_B,55,2353,90.0,75.0,15.0,1,"The illuminati being a secret group of high-profile individuals who control the narrative of what goes on and what we see around us. I think it is compelling because I do believe that the rich and elite have a ton of power and resources and this society is something that would just add to thier status, so it is very believable. I typically read about this society on Reddit threads or see social media videos of people identifying or calling out celebrities who engage with the society or show signs that they do. My sources are all secondary.",EVIDENCE-Unspecified Sources | SIGNAL-Strength-Strong | THEME-Media | THEME-Money/Power | THEME-Secret Society
126,Coder_B,55,2353,90.0,75.0,15.0,2,"Although I understand some of the mentioned points, I want to emphasize that I am not completely consumed with the theory of there potentially being an Illuminati secret society. I am completely aware of many other tangible issues and take part in supporting and addressing real-world issues that can be affecting many people. I understand the point of how it is very unlikely that there is one sole elite group controlling our narrative, I never said they were the sole group controlling the narrative. Other people in high power such as government officials, media, organizations and others do still play large roles in many of the same issues that the Illuminati would as well. I do think members from all over these varying organizations are intertwined with one another and collectively have much more power than the general public. Finally, I know social media and Reddit are not credible, I never stated that they were, however, there is no guarantee that media outlets or other sources of public information are credible these days unless direct evidence or sources are provided.",FUTURE-Hedging
126,Coder_B,55,2353,90.0,75.0,15.0,3,I completely agree with the above statements. There needs to be a healthy balance and a great understanding of the influence individuals and groups in power can hold.,INVOKE-General | SIGNAL-Become-Uncertain | SIGNAL-Turning Point
126,Coder_B,55,2353,90.0,75.0,15.0,4,I appreciated the discussion and learned how to better phrase my standpoint from it. Thank you.,SIGNAL-Become-Uncertain
127,Coder_B,56,2359,100.0,87.0,13.0,1,"They are sacrificing children and they MK Ultra'd Kanye West. Jay Z is worse than Diddy.

That he went on a rant during one of his concerts that the agenda the world had. He was deemed as crazy and bipolar. But so much evidence proves to be true. From his trainer sending him a message that he was going to take Kanye back to zombieland.",EVIDENCE-Eyewitness/Anecdotal | THEME-Elite | THEME-Money/Power | THEME-Secret Society
127,Coder_B,56,2359,100.0,87.0,13.0,2,I understand from your part. But it doesn't take away the fact that kanye has proof from his trainer. also pizzagate is a big one.,EXTRA-Change Topic | SIGNAL-Repeat/Resist
127,Coder_B,56,2359,100.0,87.0,13.0,3,"I will forever believe in pizza gate. That video of CSPAN where joe biden before he became president was groping little girls. It's on video. You cannot negate that. Also, he whispers into the ear of a little girl and with much volume he says vile things to her.",EXTRA-Change Topic
127,Coder_B,56,2359,100.0,87.0,13.0,4,"no he was kissing children on the cheek that weren't his family during this cspan video.

Always taking eye to the younger girls. It's in plain sight. He's a scum of a president and this country is a damn joke to have someone like this leading. He was groping them.

THE PRESIDENT OF THE UNITED STATES! and the little girls look scared for their lives.",EXTRA-Change Topic
128,Coder_B,57,2363,80.0,60.0,20.0,1,"Developments such as the Edward Snowden situation and the congressional hearing about aliens have left me more open to theories, but I dismiss most theories. I don't find it credible, but one theory that I find compelling is the idea that there is something being hidden about 9/11. Not necessarily ""jet fuel doesn't melt steel beams"" type of stuff, but the fact that the CIA and FBI heard rumors about the attack and did nothing to stop it, then the USA went to war with Iraq rather than Saudi Arabia, and the Patriot Act was pushed through Congress is something that I find compelling. Maybe the FBI and CIA did nothing about the rumor of the attack because they deemed it beneficial to let the attack happen. It's a good excuse to have an economically stimulating war with the wrong country, get some oil, push some laws. The towers were deemed acceptable collateral damage (perhaps they didn't think the towers would collapse entirely). I find it compelling because I think that someone using a bad situation to their advantage is entirely believable. You would think that the government spying on you is some outlandish stuff and then out of nowhere comes Edward Snowden. I find it strange that our intelligence agencies would hear about the attack before it happened and then we go to war with the wrong country. Edward Snowden revealing that the government is willing to spy on its citizens also tells me that even the most outlandish things can turn out to be true.",ATTITUDE-Conspiracy-Negative | EVIDENCE-Analogy | EVIDENCE-Anomalies | EVIDENCE-Motive Based | SIGNAL-Investment-High | SIGNAL-Strength-Weak | THEME-Assassination | THEME-Domestic Politics | THEME-Historical Event | THEME-International Politics
128,Coder_B,57,2363,80.0,60.0,20.0,2,"Your position is a valid one to take. I feel like you like to give people the benefit of the doubt, which is a noble quality, but people have done things they are not supposed to do before. The government, for instance, supplied drugs to black communities and killed Black Panther leader Fred Hampton. I don't believe the theory, but it does occupy a region in my mind because the idea that it could be true is concerning. Yes, something on this scale is an egregious atrocity that has not happened before and is not supported by history, but that does not mean it can not happen and is not within the realm of possibility.",ATTITUDE-Politics | EVIDENCE-Analogy | EXTRA-Ev to Value
128,Coder_B,57,2363,80.0,60.0,20.0,3,"I agree that the vigilance that surrounds this issue is something that should be directed towards the future rather than the past. After all, the past can't be changed. I do feel like your dialogue towards evidence implies that since no evidence has been found that there is no evidence to be found, which I disagree with. I also wouldn't necessarily say that government entities engaged in a malevolent conspiracy. Perhaps they genuinely thought this was the best course of action for the future of the country. At the end of the day, I think the lesson is that if governments were more transparent then these theories would never take hold. We have a long history we can look towards and see how often governments have misused their power. It will take a long period of consistent good behavior to convince people that the government of yesterday is not the government of today.",EXTRA-Debate | EXTRA-Ev to Value | INVOKE-Morality
128,Coder_B,57,2363,80.0,60.0,20.0,4,Well said.,
129,Coder_B,58,2375,91.0,75.0,16.0,1,"I believe that the government tracks all of us through our electronic devices, not all of them but things like computers phones and IOT devices. As a engineer and programmer i believe that these things are possible and the government would be stupid not to take advantage of it even with how questionable it is. No real evidence, I've only ever heard of those things from websites and videos",EVIDENCE-Expert | EVIDENCE-Motive Based | EVIDENCE-Unspecified Sources | SIGNAL-Investment-Low | SIGNAL-Strength-Weak | THEME-Domestic Politics
129,Coder_B,58,2375,91.0,75.0,16.0,2,while all things you say are true i still do not believe in the government to truly follow their own laws,ATTITUDE-Politics
129,Coder_B,58,2375,91.0,75.0,16.0,3,"I guess you make since, i still have my own concerns about the governments, but i believe you",FUTURE-Hedging | SIGNAL-Become-Uncertain | SIGNAL-Turning Point
129,Coder_B,58,2375,91.0,75.0,16.0,4,Thank you for this conversation. it was enlightening,
130,Coder_B,60,2387,54.0,56.0,-2.0,1,"Recent conspiracy theory: Kate Middleton not being seen since Christmas. UK says it was stomach surgery, internet going crazy thinking it's either bad plastic surgery or that she's separated from William. A photo was just released, supposedly taken by William. AP

sent out a notice to disregard that photo, they're pulling it because it doesn't meet their standards. Kate, not William, sent out a notice saying that she sometimes alters photos and said she was sorry. People still haven't seen her, the photo was from November, not recently.",EVIDENCE-Anomalies | EVIDENCE-Unspecified Sources
130,Coder_B,60,2387,54.0,56.0,-2.0,2,But it will be interesting to finally know why she's been out of public.,LACK-Attention
130,Coder_B,60,2387,54.0,56.0,-2.0,3,"Yep, I agree with all of that, but I still want to know why she's been gone.",LACK-Attention
130,Coder_B,60,2387,54.0,56.0,-2.0,4,"Sure, I'll just wait to see what pops up on the internet when she finally emerges.",FUTURE-Others
131,Coder_B,61,2389,74.0,8.0,66.0,1,"One conspiracy theory I find somewhat interesting is in relation to Princess Diana's death. She was killed tragically in a car accident, however, I don't think that this event was an accident. One of the reasons I find compelling to support this case is how her death allowed Prince Charles (now King) to marry Camilla with less scrutiny. Diana knew a lot about the Royal Family's dirty secrets (as evident via infamous interview), and she was silenced. As I stated previously, her death came at a somewhat convenient time for King Charles (prince at the time). He wouldn't have been able to marry Camilla with Diana still being in the picture (despite their divorce). Diana also knew too much, and was possibly killed to silence her.",EVIDENCE-Media/Documents | EVIDENCE-Motive Based | SIGNAL-Strength-Weak | THEME-Assassination | THEME-Historical Event
131,Coder_B,61,2389,74.0,8.0,66.0,2,"I really appreciate you taking the time to respond to this theory. After reading your responses, and less convinced that the conspiracy is true ------------------------------------------------------------------------------------------",SIGNAL-Become-Uncertain | SIGNAL-Turning Point
131,Coder_B,61,2389,74.0,8.0,66.0,3,I don't have any other questions. Thank you for taking the time to talk with me ------------------------------------------------------------------------------------------,
131,Coder_B,61,2389,74.0,8.0,66.0,4,take care,
132,Coder_B,62,2390,50.0,63.0,-13.0,1,"I think that the bush did 9/11 conspiracy theory is partially accurate because America had a hand in raising tensions in the middle east. I think that America changes the political climate in the middle east and it was not a freak attack. Maybe Bush did not order it himself, but the American government played a part.",EVIDENCE-Motive Based | THEME-Assassination | THEME-Historical Event | THEME-International Politics
132,Coder_B,62,2390,50.0,63.0,-13.0,2,Do you believe Bush was responsible for 9/11,EXTRA-Question-Follow-Up
132,Coder_B,62,2390,50.0,63.0,-13.0,3,How can we change the political climate for peace in the middle east,EXTRA-Question-Follow-Up
132,Coder_B,62,2390,50.0,63.0,-13.0,4,I agree that these are effective ways of promoting peace. These are necessary and more preferable to violence.,INVOKE-Morality
133,Coder_B,63,2399,75.0,100.0,-25.0,1,"Climate change is fake. I do not believe in it at all. Climate change is nothing new. I 100% believe in weather modification, as it has been proven if people do actual research.

I do not trust anything or anyone. I go with my instinct and gut, so if something doesn't sound right to me, then I go with it. I've also seen enough videos talking about weather modification from government officials, Disney, etc.",ATTITUDE-Others | EVIDENCE-Media/Documents | SIGNAL-Certain | SIGNAL-Strength-Strong | THEME-Science
133,Coder_B,63,2399,75.0,100.0,-25.0,2,"That is not cloud seeding, but chemtrails are sprayed on people daily. Operation Popeye was also used in Vietnam. I do not trust NASA or any scientist, especially when they can be bought and paid for.",ATTITUDE-Science-Negative | EVIDENCE-Analogy | EVIDENCE-Motive Based | SIGNAL-Investment-High
133,Coder_B,63,2399,75.0,100.0,-25.0,3,"I appreciate your input, but the only misinformation comes from you and mainstream media.

I was raised by my parents and also in school to ask, who, what, when, where, why, and how. This seems to be something not learned today. You speak of critical thinking as if that is bad. Scientists are based on theories and opinions which can be debunked, changed, and challenged. Who is anyone to decide what is

misinformation to ME? That is pretty one-sided to tell me who to trust and what is misinformation. That is for me to decide and no one else.",ATTITUDE-Media | EXTRA-Ev to Value | LACK-Connection | SIGNAL-Stay-Certain
133,Coder_B,63,2399,75.0,100.0,-25.0,4,"You keep speaking of scientists and their ""proven"" facts about climate change when there are other scientists just as educated and reputable who do not believe in it. So again, one-sided information. If you or whoever were truly honest, you would give both sides of the information and let people decide without trying to encourage them to the side with an agenda. Thank you for your time.",EVIDENCE-Unspecified Sources | SIGNAL-Repeat/Resist
134,Coder_B,64,2406,70.0,62.0,8.0,1,"I think aliens have visited Earth. I think there are other life forces. There are too many unusual sightings that people have reported, many from credible sources.",EVIDENCE-Eyewitness/Anecdotal | EVIDENCE-Social Proof | THEME-Space
134,Coder_B,64,2406,70.0,62.0,8.0,2,"Although there is no tangible evidence they have landed on Earth, what about all of the foreign objects spotted in the sky? There have been several sightings that have not been able to be explained.",EVIDENCE-Anomalies | EXTRA-Question-New | SIGNAL-Repeat/Resist
134,Coder_B,64,2406,70.0,62.0,8.0,3,Not necessarily. Unexplained phenomena could still include aliens.,
134,Coder_B,64,2406,70.0,62.0,8.0,4,That sounds promising.,FUTURE-Hedging
135,Coder_B,65,2426,100.0,95.0,5.0,1,"All the mass school shootings, cinema shootings, mall shootings, etc. are all government psy ops, staged to control the mass public through fear to ban the sale of firearms Nearly every single photo of a mass shooting suspect looks fake, the guy that shot the people at the cinema whilst they watched the Joker/Batman movie, you can tell from a mile off that these people are staged actors. Once you analyze other videos online such as the Boston Bombings, Sandy Hook, etc. you will see crisis actors who have appeared repeatedly in other mass shootings",EVIDENCE-Anomalies | THEME-Assassination | THEME-Domestic Politics | THEME-Government Cover-up | THEME-Media
135,Coder_B,65,2426,100.0,95.0,5.0,2,"The moon landings were a hoax, there is factual evidence to support this. If the government can lie about landing on the moon, don't you think they can lie about other things such as mass shootings?",EVIDENCE-Analogy
135,Coder_B,65,2426,100.0,95.0,5.0,3,do you acknowledge that there is a possibility that the government can lie to its citizens?,EXTRA-Question-Follow-Up
135,Coder_B,65,2426,100.0,95.0,5.0,4,"I do believe there are a few genuine shootings that happen in America each year but those are not on the scale of what is being reported in mass media across the globe. The government is staging these events, they believe the public is stupid. Look at the COVID-19 hoax and how they controlled the public through fear.",ATTITUDE-Politics | EVIDENCE-Analogy | SIGNAL-Repeat/Resist
136,Coder_B,66,2427,90.0,95.0,-5.0,1,"The best one is the Assassination of John F. Kennedy. After a 10-month investigation, the Warren Commission concluded that Lee Harvey Oswald was the lone assassin, and that there was no evidence that he was part of a conspiracy. Well, finally, the conspiracy theorists are vindicated that JFK was actually killed by the CIA, not that lone wolf attacker.

There are too many evidences to support that conclusion, I'll point to a very good article for your reference - www.zerohedge.com/political/evidence-convicts-cia-jfk-assassination Yes - there are many listed in the articles, e.g. the fraudulent copy of the famous Zapruder film that the CIA secretly produced, the fraudulent autopsy, etc.",EVIDENCE-Media/Documents | SIGNAL-Investment-High | THEME-Assassination | THEME-Domestic Politics | THEME-Government Cover-up | THEME-Historical Event
136,Coder_B,66,2427,90.0,95.0,-5.0,2,"Well, what can I say? Even RFK Jr. firmly believes that the CIA was involved in the Assassination of JFK. He is well connected and much more intimately involved in the incident. I don't think a person like him would risk destroying his own reputation defending a wild goose theory - there is substance in his belief concerning the CIA and JFK's death.",EVIDENCE-Expert
136,Coder_B,66,2427,90.0,95.0,-5.0,3,"Thanks for your long explanation and how the CIA was crucial in the investigation of the JFK Assassination. However, based on the recent scandal, i.e. the 51 Intel Officials lying about the Hunter Biden Laptop and the damning info contained therein a sophisticated Russian disinformation campaign, the American public now knows for sure that they cannot trust the CIA or the official narratives.",ATTITUDE-Politics | EVIDENCE-Analogy | THEME-Domestic Politics | THEME-Government Cover-up
136,Coder_B,66,2427,90.0,95.0,-5.0,4,"Thanks again for your long explanation. As long as many secret files are locked away from the American people, we might never know the truth except the ""official"" narratives. But thanks be to GOD Almighty of Israel, there will be a Judgment Day for ALL to be Revealed and to be Judged Justly.",INVOKE-Morality
137,Coder_B,67,2432,76.0,80.0,-4.0,1,"I have heard that Hunter Biden was paid off by other countries that are enemies of the U.S. I resisted the idea at first, but watched a video from a credible source that presented them in a factual and professional manner. The presenter had obviously done quite a bit of research, and shared many details and facts that were very compelling. I would not have even watched the video if it had been presented by someone who was obviously trying to stir people up into anger, or who obviously hadn't done their homework, or who seemed more interested in denigrating Hunter Biden than in presenting facts. It's actually been a while since I watched that video so I'm not sure why it popped into my head, but unfortunately I can't remember many of the details now. I mostly remember being impressed with how well-researched it was.",EVIDENCE-Unspecified Sources | SIGNAL-Investment-Low | SIGNAL-Strength-Weak | THEME-International Politics
137,Coder_B,67,2432,76.0,80.0,-4.0,2,"You have presented some important considerations, and I mostly agree with them.

Unfortunately, there are many journalists and even top authorities who for one reason or another do not actually follow the ""strict ethical guidelines"" that you mentioned. Also, while I have a long-time habit of reading and listening to a variety of news sources, I have found in recent years that many sources that used to be reliable no longer are, and that there are too many journalists that just parrot what they hear from other news sources instead of researching for themselves.",ATTITUDE-Media | SIGNAL-Source-Importance
137,Coder_B,67,2432,76.0,80.0,-4.0,3,I believe that the source I consulted for this was ethical in his approach and an expert in his field.,SIGNAL-Repeat/Resist
137,Coder_B,67,2432,76.0,80.0,-4.0,4,"The advice you presented is good advice, but very general and also repetitive. I would prefer to have a conversation with an actual person, assuming that they would be willing to have a discussion and not just argue.",LACK-Connection
138,Coder_B,68,2448,61.0,71.0,-10.0,1,A conspiracy theory I find compelling is the cia is responsible for the 911 attacks. I found it compelling because they brought them in the country and trained them to attack our world trade center. I found this evidence compelling due to research and watching people that shows proof these events or evidence did happen. The source I use is either alex jones or benny johnson to see the evidence they have.,EVIDENCE-Media/Documents | THEME-Assassination | THEME-Domestic Politics | THEME-Historical Event
138,Coder_B,68,2448,61.0,71.0,-10.0,2,I think it is true not to believe everything you hear but when they find documents and evidence to prove it then it is hard to not consider them conspiracy theoriests.,SIGNAL-Stay-Certain
138,Coder_B,68,2448,61.0,71.0,-10.0,3,I know the evidence is true due to documents that have been released showing the proof that it is not made up. The evidence was filed away not to come out but people brought the documents out to show the proff of it not being a lie.,SIGNAL-Repeat/Resist
138,Coder_B,68,2448,61.0,71.0,-10.0,4,The documents was filed away like redacted and then they opened them up to the public to see the evidence.,SIGNAL-Repeat/Resist
139,Coder_B,69,2463,80.0,50.0,30.0,1,"One conspiracy theory I find compelling is the idea that all major companies within the United States are all owned, at least partially, by the same people/organizations. I find this compelling because there are multiple videos and articles diving into this topic and the more you watch or read, the more you start to conspire on your own. One source of information I found interesting was the idea that the Rothschild family is the family that owns everything. People have found connections between the Rothschild family and a handful of major corporations that lead them to believe in their ownership of said corporations.",EVIDENCE-Unspecified Sources | THEME-Corporation | THEME-Secret Society
139,Coder_B,69,2463,80.0,50.0,30.0,2,"I think it is also important to point out that almost every publicly traded company is owned somewhat by the same companies such as Blackrock, that the same people, such as the Rothschild family, own major stakes in.",SIGNAL-Investment-High
139,Coder_B,69,2463,80.0,50.0,30.0,3,"I think I learned a lot about this conspiracy theory after reading all of this information. I knew there was not a lot of truth behind it in the first place, but it is still cool to become more well versed in a certain topic like this one.",Mismatch | SIGNAL-Become-Uncertain | SIGNAL-Turning Point
139,Coder_B,69,2463,80.0,50.0,30.0,4,Thanks for helping me quench my curiosity on this topic and hope you continue to learn more and become a better AI in the future.,FUTURE-Open
140,Coder_B,70,2465,90.0,90.0,0.0,1,"I find the theory that someone other than Lee Harvey Oswald shot JFK compelling. I find this compelling because the it seemed improbable the bullets could've came from the location Lee Harvey Oswald was at the time. I also find the events after that suspicious, such as Jack Ruby shooting Oswald within two days of the JFK assassination, combined with Jack Ruby's friendships with law enforcement and his business dealings. I have read details and listened to Oliver Stone explaining that an unusual amount of damage was done from a bullet that looked like it didn't hit anything. They found more metal fragments than could've come from the bullet. The FBI lied about the chain of custody of the evidence. Oswald was not a good enough shot nor did he take the shot at the most opportune time if it was him. Any evidence suggesting the original story is true is not highly verifiable.",EVIDENCE-Anomalies | EVIDENCE-Media/Documents | SIGNAL-Investment-High | THEME-Assassination | THEME-Government Cover-up | THEME-Historical Event
140,Coder_B,70,2465,90.0,90.0,0.0,2,Is it possible that the Warren Commission and other people involved in the investigation were also not being honest?,EXTRA-Question-Follow-Up
140,Coder_B,70,2465,90.0,90.0,0.0,3,"One issue that makes the original people investigating the issue look dishonest is the bullet. I have shot guns and seen what happens to bullets when they hit various objects. I have also heard many people that hunt with various types of rounds talk about this issue.

The conclusion is there is no way a bullet could hit two different men, do all that damage, and look like it barely hit anything.",EVIDENCE-Anomalies | EVIDENCE-Eyewitness/Anecdotal | SIGNAL-Investment-High | SIGNAL-Repeat/Resist
140,Coder_B,70,2465,90.0,90.0,0.0,4,"I agree that we need to have balance between skepticism and openness considering the facts we do and don't know and how long it has been since the event happened. If in due time technology comes out that suggests it was in fact a grand plan involving many more people that Lee Harvey Oswald, will it still be considered a conspiracy theory?",EXTRA-Ev to Value | INVOKE-Morality
141,Coder_B,71,2467,50.0,25.0,25.0,1,"The conspiracy theory that we are living in a simulation is one I find compelling because if it were true, it would be scary that everything is not actually real, when it feels very real. That means everything we believed in or thought is true is not what it seems. Where would the real world actually be? Who is actually controlling the simulation and why are we the ones trapped in it, is reasons why I find it compelling. There has been times where people have seen glitches in the sky or planes stuck in the air not moving at all.",EVIDENCE-Anomalies | SIGNAL-Strength-Weak | THEME-Science
141,Coder_B,71,2467,50.0,25.0,25.0,2,Give more examples of why living in a simulation is not likely true.,
141,Coder_B,71,2467,50.0,25.0,25.0,3,Is there evidence that there could be parallel universes.,EXTRA-Question-Follow-Up
141,Coder_B,71,2467,50.0,25.0,25.0,4,Is there evidence that aliens exist.,EXTRA-Question-New
142,Coder_B,72,2472,90.0,40.0,50.0,1,"I don't know if this counts as a conspiracy theory, but I believe the Mandella Effect is compelling. The reason I believe the theory to be compelling is because I feel like some things that are remembered one way, are different in reality. I noticed a lot of these things trending on Twitter, such as the book, ""The Berenstein Bears"" actually being spelled as ""The Berenstain Bears. I used to read these books all the time as a kid and I always remembered the 'e' instead of 'a' in Berenstain. This is just one example, but each time one of these things trended, I found many others with different memories than what is ""real."" Well, another piece of evidence was on a Twitter thread I saw about another thing that a lot of the world apparently ""misremembered."" It was the logo for Fruit of the Loom.

Many people on social media, and even I , myself, remember Fruit of the Loom clothing having a cornucopia behind the fruit on the logo. According to Fruit of the Loom, anything that had the cornucopia in the logo was fake. People were posting pictures of their clothes with the cornucopia in the logo, and I refuse to believe so many people bought fake Fruit of the Loom.",EVIDENCE-Eyewitness/Anecdotal | EVIDENCE-Social Proof | THEME-Science
142,Coder_B,72,2472,90.0,40.0,50.0,2,"Thank you for the explanation; it cleared up many reasons why the Mandella Effect is so mysterious and scary. The human brain really is susceptible to misremembering. Now that I think about it, there have been times when I reminisce on memories with my siblings, and we all end up remembering details differently. This made me realize to record important moments that I want to remember for a long time, because our memories end up different.

Regarding the fake logo images being altered; Is it really possible to make the logos look exactly how we thought it looked? Altered images usually aren't so tough to see through, but the images of people's shirts with logos and the books with different spelling looked real.",SIGNAL-Become-Uncertain | SIGNAL-Turning Point
142,Coder_B,72,2472,90.0,40.0,50.0,3,"This is making me want to do some research on image manipulation, and even AI art. The evolution of AI in art is starting to make it harder to tell when an image was actually drawn/painted by a person, or if it was just made by AI tools. I am also curious about other conspiracy theories and how they can be analyzed more logically like you've done.",ATTITUDE-Conspiracy-Negative | ATTITUDE-Conspiracy-Positive | FUTURE-Open
142,Coder_B,72,2472,90.0,40.0,50.0,4,"Thank you for the resources for researching both AI art and conspiracy theories. I wouldn't have known where to start my research, so I will be bookmarking this list for later. I think YouTube is a good source for videos about logical fallacies and cognitive biases, so I will probably watch videos there to learn about that. I will use properly sourced research from credible people when I search about the AI stuff, so I have less chance to be tricked.",SIGNAL-Source-Importance
143,Coder_B,73,2479,75.0,55.0,20.0,1,"There is a conspiracy theory that Russian assets supported the candidacy of Donald Trump in 2016 on social media, supporting and establishing his legitimacy and ultimately helping him win the presidency. Not only was I able to see the types of social media that came out during this time, but as an American, this affected 4 years of my life. In a manner of speaking, this presidency and the cult of personality solidified through it are still being felt 8 years later. I think a big part of why this is compelling is because of these ripple effects. The social media posts, especially on 4CHAN and Reddit, began at a similar time. In many cases, they referenced each other across platforms. Subreddits were created and saw incredible growth. Seeing this overnight success, plus learning of all the (more conspiracy-leaning) Russian and other international ties that the Trump family have, have made this theory compelling.",EVIDENCE-Anomalies | EVIDENCE-Media/Documents | SIGNAL-Investment-High | THEME-Domestic Politics | THEME-Historical Event | THEME-International Politics | THEME-Media
143,Coder_B,73,2479,75.0,55.0,20.0,2,Has there been an upward trend of Russian hacking since 2015? It feels like there have been more hacking stories in the news since then. Perhaps that would support the interference theory.,EXTRA-Question-Follow-Up
143,Coder_B,73,2479,75.0,55.0,20.0,3,Is comparing the fairness of Russia's elections to Trump's unwillingness to admit defeat in the 2020 Presidential Election an unfair conclusion to draw?,EXTRA-Question-New
143,Coder_B,73,2479,75.0,55.0,20.0,4,Thank you for your input. Is there anything about potential Russian interference in the 2016 election that I should know more about?,EXTRA-Question-Follow-Up | FUTURE-Open
144,Coder_B,74,2499,98.0,20.0,78.0,1,"the roswell crash and coverup. I find this story very interesting how the crash happened and all of a sudden government and authorities shut down the area and really have never heard anything else about what was at the crash site, they just try to cover it up. So i would really like to know more about it, but have a feeling we never will learn more about what really happened. How the government kept switching stories on what it was, first saying it was a saucer and then changing it to it was some sort of weather ballon when eyewitnessess say they saw something totally different",EVIDENCE-Anomalies | EVIDENCE-Eyewitness/Anecdotal | SIGNAL-Uncertain | THEME-Government Cover-up | THEME-Historical Event | THEME-Space
144,Coder_B,74,2499,98.0,20.0,78.0,2,why did it take the airforce so long to report what the debris that was recovered was ------------------------------------------------------------------------------------------,EVIDENCE-Anomalies | EXTRA-Question-Follow-Up
144,Coder_B,74,2499,98.0,20.0,78.0,3,who won the cold war,EXTRA-Change Topic | Mismatch
144,Coder_B,74,2499,98.0,20.0,78.0,4,is united states still considered the sole superpower nation ------------------------------------------------------------------------------------------,EXTRA-Change Topic | Mismatch
145,Coder_B,75,2514,65.0,60.0,5.0,1,"I find the theory that the CIA had JFK killed to be somewhat credible. It's been revealed more recently that JFK was having private conversations with world leaders to help slow down or stop the cold war. One of the CIA's main goals was to destroy/dismantle the Soviet Union. The final theory being that the CIA had JFK killed so they could keep the cold war going. I've listened to a number of historical and political podcasts, the most informative being Blowback. They had an entire season on the United States treatment of Cuba.",EVIDENCE-Media/Documents | EVIDENCE-Motive Based | EVIDENCE-Unspecified Sources | SIGNAL-Investment-High | SIGNAL-Strength-Weak | THEME-Assassination | THEME-Domestic Politics | THEME-Historical Event | THEME-International Politics
145,Coder_B,75,2514,65.0,60.0,5.0,2,Do you believe that Oswald acted alone in killing JFK? Why did he do it?,EXTRA-Question-Follow-Up
145,Coder_B,75,2514,65.0,60.0,5.0,3,What books or sources do you recommend to research this topic further?,EXTRA-Question-Follow-Up
145,Coder_B,75,2514,65.0,60.0,5.0,4,What do you think actually happened?,EXTRA-Question-Follow-Up
146,Coder_B,76,2527,73.0,71.0,2.0,1,"The only one I would find credible is that the government is not sharing evidence of UFO's and alien sightings. There have been too many sightings to think that it's not true.

There are many people who have seen UFOs and it seems like these are not made up stories.

Many people have seen things in the sky that can't be explained.",EVIDENCE-Social Proof | SIGNAL-Investment-Low | THEME-Government Cover-up | THEME-Space
146,Coder_B,76,2527,73.0,71.0,2.0,2,"Many of the sightings are still unexplained and could be evidence of alien life. They could also be experimental military aircraft. It's difficult to say and I feel the government is not being as forthcoming as they could be because they believe they are protecting us from the real truth, life exists on other planets.",EXTRA-Ev to Value
146,Coder_B,76,2527,73.0,71.0,2.0,3,I don't disagree with your points. I feel that the government is not completely transparent about alien life because they don't want to worry the population. Science fiction could become reality in the minds of some people and that would create panic.,EVIDENCE-Motive Based
146,Coder_B,76,2527,73.0,71.0,2.0,4,I think most people are prepared to learn the truth and can handle the consequences of that knowledge. I worry about misinformation being spread by social media and what could happen if misrepresentations of that truth are widely spread. People do not trust the government and it seems like that has become worse each year.,SIGNAL-Repeat/Resist
147,Coder_B,77,2540,100.0,100.0,0.0,1,"I personally have been called a conspiracy theorist because of my beliefs regarding COVID, the COVID vaccine, and exactly how everything was handled. I firmly believe that the public was lied to regarding the COVID vaccine and they were pressured to take a vaccine that really does not work the way it is supposed to. I believe that the public was lied to by scientists, political figures, and also by media correspondents and we as as a society were told to take a vaccine that does not do what we were told it does. It does not stop transmission as Joe Biden said it would. It is a compelling situation as many took what turned out to be a shot blindly and then swore they would never get it again. What led me to think that this situation was extremely compelling was the fact that I do not believe that the country had ever been so blatantly lied to regarding the situation before, nor was there so much societal pressure in order to all fall in line and think the same way about something. It seems like every time more information came out that it was suppressed by the media and I couldn't believe the progressive ideologies regarding forcing people to get an experimental shot that did not seem to stop transmission as people said it would.

Once everyone was proven to be incorrect, they didn't even apologize or admit that they had spread misinformation.",ATTITUDE-Conspiracy-Positive | SIGNAL-Certain | THEME-Domestic Politics | THEME-Government Cover-up | THEME-Media | THEME-Science
147,Coder_B,77,2540,100.0,100.0,0.0,2,"The primary goal of the vaccines was to reduce illness? No, it wasn't at all. The primary goal of the vaccines was to eradicate the virus completely and stop it from spreading once and for all. Instead, people who took it still got COVID, still ended up in the hospital and still died. It did not stop severity or save lives. Also, the science never changed or evolved as there was never a time when it did stop transmission as initially noted. The shot was marketed with the idea that it stopped transmission and then that was changed once those pushing it realized they could not carry out the promise they made.",SIGNAL-Repeat/Resist
147,Coder_B,77,2540,100.0,100.0,0.0,3,"As far as studies go, I read on Yahoo (I would post the link, but it appears as if pasting is not permitted), one in four who had Pfizer COVID jabs have experienced an unintended immune response. That's 25% and this is why many people are saying they are stopping getting these shots as not only do they not work as originally marketed, but now people's health is being compromised because of it. You can discuss studies and use slogans like ""The evidence is clear,"" but the only thing that's clear to me is that society was duped into taking a flu shot every 6 months.",EVIDENCE-Media/Documents | EVIDENCE-Stats / Numbers | SIGNAL-Investment-High | SIGNAL-Repeat/Resist
147,Coder_B,77,2540,100.0,100.0,0.0,4,"Pharmaceutical companies like Pfizer ended up profiting billions off of people's health and a miss marketed vaccine. At the same time, you have progressive liberals saying that they are sick and tired of gigantic corporations hoarding large sums of money. Which is it? The idea that people could trust a pharmaceutical company to save them from a virus that acts like a flu puts far too much trust into a company that they don't even know and are very likely unfamiliar with until this point. I completely disagree that the decision to get vaccinated has been a personal one because of the fact that people like Joe Biden, leftist media correspondents, and left-wing people in society have made it a public issue.

People like Nancy Pelosi said vaccination is a personal thing and choice and making them or masks mandatory would not happen. Again, the public was lied to over and over again and there are still people who not only defend the lies, but they double down on the many holes in these theories.",ATTITUDE-Media | ATTITUDE-Others | ATTITUDE-Politics | SIGNAL-Repeat/Resist | THEME-Corporation | THEME-Money/Power
148,Coder_B,78,2546,70.0,9.0,61.0,1,"A conspiracy theory of there being a group called illuminati, there has been compelling videos that have analyzed the situations and it seems so true. Growing up there were particular signs and symbols people attributed to the Illuminati. Musicians usually dressed a certain way, and speak a language that was not normal. There are people on Youtube who have made videos to analyze the secret society, with different evidence.",EVIDENCE-Anomalies | EVIDENCE-Unspecified Sources | THEME-Secret Society
148,Coder_B,78,2546,70.0,9.0,61.0,2,"Well, all you said is really true and it is very possible everything was just a lie and there is no secret society anywhere, it might have just been made up by people.",SIGNAL-Become-Uncertain | SIGNAL-Turning Point
148,Coder_B,78,2546,70.0,9.0,61.0,3,"Thank for enlightening me on this issue, i now believe there is no secret society named Illuminati it was just made up by people.",SIGNAL-Become-Uncertain
148,Coder_B,78,2546,70.0,9.0,61.0,4,"I do not have anymore questions, thank you for this conversation, it was of big help.",
149,Coder_B,79,2551,70.0,40.0,30.0,1,"There is a secret group that controls world events. Sometimes I think this makes sense because lots of pieces would fit together to explain certain events. I think the biggest thing that stands out in my mind would be the money system. It seems like whomever controls the money system is controlling big world events. It seemed like the response to COVID would be an event that stands out most. While it justified to be worried, the extreme response for years was not warranted.",EVIDENCE-Anomalies | SIGNAL-Strength-Weak | THEME-Money/Power | THEME-Secret Society
149,Coder_B,79,2551,70.0,40.0,30.0,2,This perspective really made me understand my beliefs in a different way. It is true that the financial system is extremely complex and that it would be difficult to control all of it.,SIGNAL-Become-Uncertain | SIGNAL-Turning Point
149,Coder_B,79,2551,70.0,40.0,30.0,3,"The only other question I have about this topic is national debt. All of the countries are in debt, but who are they in debt to?",EXTRA-Question-Follow-Up
149,Coder_B,79,2551,70.0,40.0,30.0,4,Would it be possible to have a financial reset in today's world? Is that planned?,EXTRA-Question-Follow-Up
150,Coder_B,80,2557,69.0,32.0,37.0,1,Government tests us by putting things in air and seeing what happens I dont know I just feel that they do this. I have heard people talking about it but it makes sense.,EVIDENCE-Eyewitness/Anecdotal | EVIDENCE-Social Proof | SIGNAL-Investment-Low | SIGNAL-Uncertain | THEME-Domestic Politics | THEME-Science
150,Coder_B,80,2557,69.0,32.0,37.0,2,I guess these things make sense for dispute government doing these things. The sheer man power would be hard to replicate. Thanks for your insight into these findings.,SIGNAL-Become-Uncertain | SIGNAL-Turning Point
150,Coder_B,80,2557,69.0,32.0,37.0,3,Thank you have a great day!,
150,Coder_B,80,2557,69.0,32.0,37.0,4,Okay you do the same. Thanks so much for your time and have a splendid day! Take care.,
151,Coder_B,81,2581,88.0,67.0,21.0,1,"I believe that Chuck E Cheese pizza is reassembled, you do not get the whole fresh pizza from them. It makes sense form all the pictures I've seen of pizzas where the slices are not the same size and do not form a singular pie. I watched Shane Dawson's youtube video about it and it was extremely compelling.",EVIDENCE-Anomalies | EVIDENCE-Eyewitness/Anecdotal | EVIDENCE-Media/Documents | THEME-Corporation
151,Coder_B,81,2581,88.0,67.0,21.0,2,"I think that although Chuck E Cheese addressed it, they cannot control all their employee's actions. The employees might be doing this without managerial approval. It may not be all the time, but definitely in some cases. Even if the pizza is cut strangely, it would still be able to fit back into the pie shape when put back together.",EVIDENCE-Anomalies
151,Coder_B,81,2581,88.0,67.0,21.0,3,"Wow, you are assuming that there is such sophistication at an arcade restaurant. I hear your points, but this place is not that technologically advanced in my opinion. (And I know someone who used to work there who admitted to it) ------------------------------------------------------------------------------------------",EVIDENCE-Eyewitness/Anecdotal | LACK-Connection
151,Coder_B,81,2581,88.0,67.0,21.0,4,"Dang, you are very convincing. I still think humans and employees in general will always find a way, but I see that it is definitely not a simple endeavor.",SIGNAL-Become-Uncertain | SIGNAL-Turning Point
152,Coder_B,82,2593,90.0,90.0,0.0,1,The conspiracy theory of aliens being real. Especially with the recent hearings with congress about UFOs - its clear the US is investing money into this so I do believe they are hiding aliens from us or at least space crafts that are not from here. Congress was recently briefed from veterans about their experiences with UFOs or organizations involved with investigating UFOs. Additionally Bob Lazer was a very reliable source who apparently worked at Area 51. Not to mentioned videos released from the pentagon are also very credible.,EVIDENCE-Expert | EVIDENCE-Media/Documents | SIGNAL-Investment-High | THEME-Government Cover-up | THEME-Space
152,Coder_B,82,2593,90.0,90.0,0.0,2,"While you bring up some fair points I disagree.

The US government would not be investing as much time and money into these UAP programs if they were not widely unknown to them. If it was another foreign nation they wouldn't be as secretive about this programs or even not acknowledge them. The US is known to have the latest types of technology, it is not a foreign nation.

The veteran stories help correlate the other evidence that has been shown. These are reliable sources that went through background checks, no crazy people on the internet. The describe how futuristic these technologies are and how advanced they are where its not something we can make, helping prove more its not of this world.

Bob Lazar is a reliable source. He was validated by reporters and his story adds up. It was even proven that the government tried to make it seem like he was telling lies by falsifying his previous work - stating he never worked at a college. However he did work at that college and provide proof, why would they try and cover that up so much if what he was saying wasn't true.

While the videos from the pentagon don't show any aliens, they do help show the alien like space crafts in action. Performing impossible maneuvers that no foreign nation or us could create.",EVIDENCE-Anomalies | EVIDENCE-Media/Documents | SIGNAL-Investment-High | SIGNAL-Source-Importance | SIGNAL-Stay-Certain | THEME-Science
152,Coder_B,82,2593,90.0,90.0,0.0,3,"I still disagree on your point that these might be foreign nations or just because it seems extraterrestrial doesn't mean it is. For example there were hearings with congress where whistle blower David Grush claimed, under oath that the federal government maintains a high secretive UFO retrieval program and posses multiple spacecraft of non-human origin as well as corpses of deceased pilots. These are not human pilots and he specifically specifies the ship as non-human. David is a combat veteran and former Air Force Intelligence officer. He is a reliable source stating facts. Now he could not disclose a lot of information to the public yet but was allowed to say that publicly.

Finally once again for Bob Lazar, recently they also were able to find a coworker that worked at the same facility as Bob Lazar and was able to corporate he was working at the government facility in Nevada.",EVIDENCE-Expert | EVIDENCE-Eyewitness/Anecdotal | EXTRA-Debate | SIGNAL-Investment-High | SIGNAL-Repeat/Resist
152,Coder_B,82,2593,90.0,90.0,0.0,4,"Just because you don't have physical proof or evidence doesn't mean you can disregard what David is saying. He was able to talk to congress more about the subject but that was behind closed doors of course. However the department of defense acknowledged he would speak on this and allowed it. While they did state that while allowing David to speak on this doesn't mean they are verifying his claims - the fact that they even let him disclose this information speaks volumes of the direction we are heading in. With his career and being place under oath, and his background, if he has his own evidence of it being non-

human, I believe him.

I understand your issue with Bob Lazar still, but if his story is now being corroborated your initial response of it being false due to unverified claims with only some truth does not work. I was disproving that, yet similar with David - if Bob's claims are accurate of him working at this facility, I also believe him on his stories of working on the UFOs -

trying to reverse engineer the space crafts. Additionally Bob described the ""pill"" like shape of the UFOs far before any video was released. Then the pentagon releases video of these UFOs and what do you know, its the same ""pill"" shape Bob described far back.",EVIDENCE-Expert | EVIDENCE-Eyewitness/Anecdotal | EVIDENCE-Media/Documents | SIGNAL-Investment-High | SIGNAL-Repeat/Resist
153,Coder_B,83,2609,100.0,90.0,10.0,1,"Nikola Tesla discovered WiFi and his work was destroyed because he refused to profit off of it. The Tesla Coil is my evidence. The idea was to transfer energy from the coil he built into a network of such coils, as we do today with cell phone towers and 5G. He even went beyond just wifi, because he was creating a source of power without wires, so I believe there is even more in his discoveries that are being hidden from us. My personal experience is bringing solar panels on an 8x12 trailer to charge peoples phones for free....yet with such an amazing source of energy there seems to be so many forces trying to keep it from taking in a deep breath, to suffocate it all. It's very unfortunate and all comes down to greed and power.",EVIDENCE-Eyewitness/Anecdotal | EVIDENCE-Motive Based | SIGNAL-Investment-High | THEME-Money/Power | THEME-Science
153,Coder_B,83,2609,100.0,90.0,10.0,2,You don't think it's weird at all that his entire lab burned down when it did?,EVIDENCE-Anomalies | EXTRA-Question-New
153,Coder_B,83,2609,100.0,90.0,10.0,3,Fair enough. Why did his investor back out and sell his coil for scraps? It's all too convenient. He died a forgotten man....yet you say his research is fundamental to so many things we use today.,EVIDENCE-Anomalies
153,Coder_B,83,2609,100.0,90.0,10.0,4,"These are all very good points. What do you think about his theory on 3, 6, 9?",EXTRA-Question-New
154,Coder_B,84,2614,70.0,50.0,20.0,1,I believe the government assassinated JFK. As a young and radical president he was inconvenient for the political establishment. His assassination was too convenient. I have seen youtube videos on it that piqued my interest. A radical young president is assassinated then his assassin is assassinated. It's all too convenient.,EVIDENCE-Anomalies | EVIDENCE-Motive Based | EVIDENCE-Unspecified Sources | THEME-Assassination | THEME-Domestic Politics | THEME-Historical Event
154,Coder_B,84,2614,70.0,50.0,20.0,2,It is also suspicious that Ruby later died in prison a few years later. It seems everyone related to the case died.,EVIDENCE-Anomalies
154,Coder_B,84,2614,70.0,50.0,20.0,3,Another cause for doubt is the shot. The likelihood of landing a kill shot from that range and situation is not likely at all.,EVIDENCE-Anomalies
154,Coder_B,84,2614,70.0,50.0,20.0,4,Oswald himself denied killing JFK. He was murdered before he could defend himself in court.,
155,Coder_B,85,2615,75.0,30.0,45.0,1,There is a group of individuals who decided how the government should be run What led me to believe that there could be some truth in this is when i watch documentaries about the past and get to see similar kinds of things that have happened in the past.,EVIDENCE-Unspecified Sources | SIGNAL-Strength-Weak | THEME-Secret Society
155,Coder_B,85,2615,75.0,30.0,45.0,2,"Well, most of the stated facts sound true and quite reasonable but i we can't forget humans and corrupt and greedy. The very greedy and corrupt never seem content till they have total control, so It's not a guarantee that the checks and balances will always work or are always effective. This makes me believe at times groups can have totall control of a govermant just like a dectator can take over a a democratic country.",EVIDENCE-Analogy | EVIDENCE-Character Based | FUTURE-Hedging
155,Coder_B,85,2615,75.0,30.0,45.0,3,Very valid points but i still agree to disagree with you. Things don't always work as they should in our societies.,FUTURE-Hedging | SIGNAL-Stay-Certain
155,Coder_B,85,2615,75.0,30.0,45.0,4,"Thank you for giving me new insights into this matter, I'll think about the points you have made next time i have to answer a similar question. I hope you get to consider my point of view too.",SIGNAL-Become-Uncertain | SIGNAL-Turning Point
156,Coder_B,86,2627,54.0,68.0,-14.0,1,I do believe that the moon landing could have been faked. I feel that there has not been much done since to merit landing at that particular time. I fee like the moon landing and human space exploration has not gone much farther than that in decades.,EVIDENCE-Anomalies | SIGNAL-Strength-Weak | SIGNAL-Uncertain | THEME-Historical Event | THEME-Science | THEME-Space
156,Coder_B,86,2627,54.0,68.0,-14.0,2,"No, IF it was so successful and important to space exploration and science in general why not prioritize it with higher budgets.",EVIDENCE-Anomalies | EXTRA-Question-Follow-Up | SIGNAL-Stay-Certain
156,Coder_B,86,2627,54.0,68.0,-14.0,3,Why did human led exploration not take further advancement. Human interaction and exploration are a vital need to discover and learn. Why did it feel like it ended with the moon landings?,EVIDENCE-Anomalies | EXTRA-Question-Follow-Up | EXTRA-Question-New | SIGNAL-Repeat/Resist
156,Coder_B,86,2627,54.0,68.0,-14.0,4,It's been more than half a century and humans have not ventured any farther. machines have but humans have not. Many of these private sector companies have reduced space to nothing more than a tourist attraction to slightly above Earth.,EVIDENCE-Anomalies | SIGNAL-Repeat/Resist
157,Coder_B,87,2633,100.0,25.0,75.0,1,"Celebrities and brainwashing. That clip of Cardi B and Ski Mask The Slump god are very similar, Also Kanye saying what they wanted to do to him. The video clips of them and Kanye West's tweets. They just stared blankly forever and Kanye posted what his manager told him, I don't remember exactly what it was but i remember a screenshot of what his manager told him and also what Kris and Kim wanted him to do.",EVIDENCE-Anomalies | EVIDENCE-Unspecified Sources | SIGNAL-Investment-Low
157,Coder_B,87,2633,100.0,25.0,75.0,2,"Honestly, that makes a lot of sense and gave me more clarity on my perspective. I really don't have any rebuttals, thank you for the in depth and informing response.",SIGNAL-Become-Uncertain | SIGNAL-Turning Point
157,Coder_B,87,2633,100.0,25.0,75.0,3,"Absolutely, very much so in relation to new insights and perspectives, also gathering the truth. I believe that's all I have to talk about. Thank you so much for your information and perspective. You are very insightful.",
157,Coder_B,87,2633,100.0,25.0,75.0,4,Thank you so much! You too!,
158,Coder_B,88,2636,72.0,55.0,17.0,1,"The Epstein suicide not being a suicide, because it makes more sense than other conspiracies. I would argue that the security footage was turned off during his death, and that there were reasons why people would want to kill him.",EVIDENCE-Anomalies | EVIDENCE-Motive Based | SIGNAL-Strength-Weak | THEME-Assassination | THEME-Historical Event
158,Coder_B,88,2636,72.0,55.0,17.0,2,That could make sense. I'd want to know more!,SIGNAL-Become-Uncertain | SIGNAL-Turning Point
158,Coder_B,88,2636,72.0,55.0,17.0,3,"I would go to Google or Wikipedia, or read about the ongoing case of the Epstein thing at large.",FUTURE-Open
158,Coder_B,88,2636,72.0,55.0,17.0,4,"I will keep that in mind, as I look for stronger sources.",SIGNAL-Source-Importance
159,Coder_B,89,2640,52.0,11.0,41.0,1,"Maybe, Princess Diana's death was caused by someone's deliberate action. I heard Prince Harry have similar idea. If he can think like that, why should I not? First, Princess Diana was obviously an embarrassment for the British Royal Family with her many affairs. Second, I heard Prince Harry and his brother (forgot the name) wanted to have an inquiry, but their request was neglected.",EVIDENCE-Motive Based | SIGNAL-Investment-Low | SIGNAL-Strength-Weak | THEME-Assassination | THEME-Historical Event
159,Coder_B,89,2640,52.0,11.0,41.0,2,"You got a point. But what evidence you have that the investigation was neutral? After all, we often see rich an powerful can influence the legal system.",THEME-Elite | THEME-Money/Power
159,Coder_B,89,2640,52.0,11.0,41.0,3,I don't disagree. You are probably right.,SIGNAL-Become-Uncertain | SIGNAL-Turning Point
159,Coder_B,89,2640,52.0,11.0,41.0,4,Thank you for the offer. Nice talking to you.,
160,Coder_B,90,2665,83.0,87.0,-4.0,1,"Aliens are real and the government knows more about them than they want to admit. There is enough proof and even admitted to them existing. Last year, files were made public about aliens being real. They also told congress that they are real, they did not say ""aliens"", but a mysterious aircraft/beings.",EVIDENCE-Unspecified Sources | SIGNAL-Strength-Strong | THEME-Government Cover-up | THEME-Space
160,Coder_B,90,2665,83.0,87.0,-4.0,2,"I would like to know why the government has not been more on the lookout at what these 'UAP's are, are they not concerned? There has to be someone or something that knows what these 'unidentified' creatures are. We want to know if we are at risk.",EVIDENCE-Anomalies | EXTRA-Question-Follow-Up | INVOKE-General
160,Coder_B,90,2665,83.0,87.0,-4.0,3,"I understand that it can be very difficult, and also scary to look at something like that and not know what it is. I think that more video surveillance would help everyone so that we are safe and we can also know what is going on.",EXTRA-Ev to Value
160,Coder_B,90,2665,83.0,87.0,-4.0,4,"I feel better to know that they are in the right direction. We need answers to why we keep seeing these UAPs, and need to know where they are coming from.",INVOKE-General
161,Coder_B,59,2377,60.0,0.0,60.0,1,"The story that man never made it to the moon I enjoyed the presentation of how this moon

travel was all set up in a local place.  The theories that many shared stating it was all

a hoax.  The fact that they involved the government as the ones who have lied to us.",EVIDENCE-Unspecified Sources | SIGNAL-Uncertain | THEME-Government Cover-up | THEME-Historical Event | THEME-Space
161,Coder_B,59,2377,60.0,0.0,60.0,2,"The information given truly gives one a better understanding of why the theory was

developed.  Ai gives great responses to the theory; responses that seemed to be based on

facts and logic.",ATTITUDE-AI-Positive | SIGNAL-Become-Uncertain | SIGNAL-Turning Point
161,Coder_B,59,2377,60.0,0.0,60.0,3,I wonder what the astronauts thought about this theory.,EXTRA-Question-New
161,Coder_B,59,2377,60.0,0.0,60.0,4,"I truly believe that the Man did land on the moon.  I believe in humanity and all the

wonderful things that they have created, have accomplished, and the effort they have put

each and every project just boggles the mind.",INVOKE-General | INVOKE-Morality
162,Coder_B,39,2231,90.0,92.0,-2.0,1,"It's hardly a conspiracy theory, but I believe there is a conspiracy--somewhat

inadvertent, but not always--to make the rich even richer, and to remain apathetic about

income inequality. There are specific policies and political statements that are obviously

short-sighted, like tax cuts that benefit the wealthy. These only occur because powerful

people organize to make them happen, so in that sense it's a conspiracy.",EVIDENCE-Motive Based | THEME-Domestic Politics | THEME-Elite | THEME-Money/Power
162,Coder_B,39,2231,90.0,92.0,-2.0,2,"These are wise perspectives on the matter. I would add that a conspiracy can still be a

conspiracy even if millions of people are uniting to fight against the effort, and even if

outcomes are not quite as the participants in the conspiracy intended.",
162,Coder_B,39,2231,90.0,92.0,-2.0,3,"I largely agree with what you've written, but is it not fair to call the conversations or

planning secretive when much of the complex policy making is done in collaboration with

lobbyists and in meetings that are not public?",EVIDENCE-Anomalies | EXTRA-Question-Follow-Up
162,Coder_B,39,2231,90.0,92.0,-2.0,4,"You make a good point that there is often more civic engagement with policy making than it

appears. You also (earlier) underscored the importance of a robust press in creating

transparency surrounding policy making. With a more robust press, more of the policy

making will be exposed to the public. But we can't expect the public to take full

responsibility for creating transparent policymaking; they have busy lives to live..",EXTRA-Debate
163,Coder_C,25,2669,60.0,50.0,10.0,1,"In the past, one of the most popular conspiracy theories was the “Apollo 11” moon landing.

Some people believed that the moon landings were faked, claiming that the United States government staged the moon landings. People who believed in this theory often cited anomalies in photos and videos, as well as Cold War geopolitics. People that support this theory often pointed to perceived anomalies in photographs and videos as well as the geopolitical context of the Cold War which I also believe.",EVIDENCE-Analogy | EVIDENCE-Anomalies | EVIDENCE-Social Proof | Mismatch | THEME-Historical Event | THEME-Space
163,Coder_C,25,2669,60.0,50.0,10.0,2,yes,LACK-Attention
163,Coder_C,25,2669,60.0,50.0,10.0,3,no,
163,Coder_C,25,2669,60.0,50.0,10.0,4,Thanks,
164,Coder_C,26,2674,50.0,6.0,44.0,1,"Chemtrails come to mind since a friend of mine believes that our government has hazardous chemicals in aircraft vapor trails. I find it somewhat compelling or credible as a way to eliminate some of the population. An event is that a good friend of mine, who is educated, has tried to convince me. I have not personally found any convincing evidence. I think it might be possible that the federal government is responsible for hazardous chemical trails as aircraft vapor.",EVIDENCE-Motive Based | SIGNAL-Investment-Low | SIGNAL-Strength-Weak | THEME-Domestic Politics | THEME-Government Cover-up | THEME-Science
164,Coder_C,26,2674,50.0,6.0,44.0,2,It is an excellent idea to search for scientific knowledge and evidence from respected sources.,FUTURE-Open
164,Coder_C,26,2674,50.0,6.0,44.0,3,"I agree that one should give higher priority to scientists' findings, and I will do more research.",FUTURE-Open
164,Coder_C,26,2674,50.0,6.0,44.0,4,Those are excellent suggestions.,
165,Coder_C,27,2686,100.0,100.0,0.0,1,"The assassination of JFK was a conspiracy.In 1977, the united states House select subcommittee on assassination concluded that Kennedy was probably assassinated as part of a conspiracy.Anytone who thoroughly and objectively reads the credible evidence comes to the same conclusion when I was child I saw a documentary on the Kennedy assasination that raised questions about the conclusion that Lee Harvey Oswald did it and acted alone.It spoke of how Oswald was known from his military record as a poor shot,how the rifle allegedly used was not a good weapon ,how Oswald denied and his involvement, and was murdered quickly, how many of the witnesses claimed a second shooter on the grassy knoll, how many witnesses to the assassination died within months, how the zapruder film was suppressed, the magic bullet, how secret service bodyguards who normally ride on the back of the president's limousine were ordered not to on this day, how the Warren Report misrepresented witness testimony .All of these things and more raised questions.More than 60 years after his death, there are still government files unrealeased.Why ,if there was no conspiracy?",EVIDENCE-Anomalies | EVIDENCE-Unspecified Sources | EXTRA-Fallacy User | SIGNAL-Investment-High | SIGNAL-Strength-Strong | THEME-Assassination | THEME-Domestic Politics | THEME-Government Cover-up | THEME-Historical Event
165,Coder_C,27,2686,100.0,100.0,0.0,2,"The Zapruder film suppressed for over a decade after JFK 'S assassination shows what appears to be Kennedy being hit in the throat before A head shot kills him.Surgeons at the Dallas hospital towhich Kennedy was taken after being shot have spoken of a throat wound indicating a shot fired from in front,indicating 2 shooters,indicating conspiracy ------------------------------------------------------------------------------------------",EVIDENCE-Media/Documents | SIGNAL-Investment-High
165,Coder_C,27,2686,100.0,100.0,0.0,3,"I have read books by the author Mark Lane on this subject someone far more knowledgeable and well-versed on this subject than I. He questions the conclusion oif the Warren Report in the book A RUSH TO JUDGEMENT. The Warren Report was intnded to dismiss all idea of conspiracy and pait Lee Harvey Oswald as solely responsible.It refused to consider any evidence or hear any witness who called that conclusion into question. such as Dallas Book Depository employees who said Oswald was not near the window, not on that floor at the time of the shooting",EVIDENCE-Expert | EVIDENCE-Media/Documents | SIGNAL-Investment-High
165,Coder_C,27,2686,100.0,100.0,0.0,4,"There is a book by Governor Jesse Ventura on the assassination. It has links to documents and video footage.One thing that always suprised me was why there were no secret service agents on the limousine bumper as they usually were.In a film clip from minutes before the assassination,we see secret service agents being ordered by one of their superiors not to ride in their usual place on the limousine bumper and they cannot understand why.

This is one of many strange ,disturbing, and unlikely to happen naturally incidents, no one saying undeniably conspiracy, but all of them added together say there is more here than meets the eye.Something is going on.",EVIDENCE-Media/Documents | SIGNAL-Investment-High | SIGNAL-Repeat/Resist
166,Coder_C,28,2688,75.0,90.0,-15.0,1,"One conspiracy theory that I think holds a lot of weight is Operation Mockingbird and I do believe MSM and other media outlets that are more centralized online/social media are used for the purposes of propaganda, fueling gloom and doom, causing division, and deliberately misinforming the public. When people are constantly glued in to that, it manifests as irrational thinking and emotional instability which causes people to become scared, suspicious of, and untrusting of everything/everyone in their external world. It resonates with me because I consider myself to have a great deal of discernment, I can remain objective/unbiased better than most, and I am also able to see the nuance in topics/discussions where most normalize taking the most extreme stance on since I don't need to identify with something in order to agree or disagree with it. When you are able to see the larger picture, do your own research, and not take everything at fact value you are able to accept that being informed is better than simply wanting to be on the right side of a belief or ideal because someone or something said it was ""acceptable"". I don't consider myself a ""conspiracy theorist"" by any means, but Operation Mockingbird is one theory that I decided to go down a rabbit hole with years ago after noticing blatant deceptive patterns of behavior and obfuscation with the news media. Upon my own independent research, I discovered there is a lot of evidence to support that this is taking place (and has been for a long, long time) and there hasn't been an antithetical argument that has been able to sway me into believing that it isn't taking place. I am not aware of any ""commonly accepted explanations"" for similar events, but plausible deniability would be the accepted stance of those orchestrating and contributing to it anyway.",ATTITUDE-Others | EVIDENCE-Unspecified Sources | INVOKE-Morality | Mismatch | SIGNAL-Investment-High | THEME-Government Cover-up | THEME-Historical Event | THEME-Media
166,Coder_C,28,2688,75.0,90.0,-15.0,2,"The ""scale and continuation of such a program"" lacking substantial evidence is incorrect and I trust my ability to research credible sources of information to come to that conclusion. Operation Mockingbird was used as a foundation of my argument due to similar tactics being used today with no mention of who or what is truly responsible for weaponizing said tactics. My argument isn't much of an argument, but is indeed sound and isn't baseless by any means.",EVIDENCE-Analogy | SIGNAL-Stay-Certain
166,Coder_C,28,2688,75.0,90.0,-15.0,3,"I don't have any cognitive biases and remain objective, fair, neutral, apolitical, and detached from any ideologies that would otherwise easily sway most others. I am confident that my own human cognitive abilities are more solid than a generative AI tool designed to make me question my stance and be more accepting to official narratives.",ATTITUDE-AI-Negative | SIGNAL-Stay-Certain
166,Coder_C,28,2688,75.0,90.0,-15.0,4,"As mentioned before, my stance is an unbiased and objective one that doesn't need to be validated by consuming sources of information that align with ""my views"". I have no ""view"", I simply came to a conclusion based on my own observation/research and IF

information comes out to make me reconsider that stance, only then will I reconsider as I am not rigid or beholden to one way of thinking.",SIGNAL-Repeat/Resist
167,Coder_C,29,2702,83.0,50.0,33.0,1,"I would say that I kind of believe that the US had knowledge of 9/11 and allowed it to happen. The US has one of the most robust intelligence agencies in the world and there's no way that they had no idea that anything was going to happen. I don't 100% trust the government and believe that there were significant economic incentives for Bush to pursue war in the middle east, so I would really not be surprised if they did know about it and just did not stop it. I think the people that say that they orchestrated it are going too far. We've seen from declassified documents that the government can be shady about these things, such as in Operation Northwood, which was not ever carried out but was proposed, so thinking they allowed something like this to happen for their own personal gain is not too much of a stretch. ""Bin Laden determined to strike in the US"" report given to George Bush on August 6, 2001. Multiple CIA warnings to the White House beginning in Spring 2001

that an attack was coming. Chief of CIA counterterrorism center Cofer Black says it was ""evident they were going to be struck"" by that time.

I guess you can argue that the Bush administration was incompetent but they clearly knew that something was coming.",ATTITUDE-Politics | EVIDENCE-Analogy | EVIDENCE-Media/Documents | EVIDENCE-Motive Based | SIGNAL-Investment-High | THEME-Assassination | THEME-Domestic Politics | THEME-Government Cover-up | THEME-Historical Event | THEME-International Politics
167,Coder_C,29,2702,83.0,50.0,33.0,2,"I appreciate that viewpoint and it is true that they may not have known specifics. Still it is troubling for me that further action by the Bush administration was not taken once they knew that some sort of attack would be coming. In any case, I believe it displays a failure to prepare on the part of the administration, whether intentional or not.",SIGNAL-Become-Uncertain | SIGNAL-Turning Point
167,Coder_C,29,2702,83.0,50.0,33.0,3,"It does, and it does make me feel better about the whole thing. I'm glad they took significant steps to address it afterwards.",
167,Coder_C,29,2702,83.0,50.0,33.0,4,Thank you very much for your thoughtful response. I will consult primary sources when I can from now on.,FUTURE-Open
168,Coder_C,30,2731,77.0,81.0,-4.0,1,"President Kennedy was not killed by a magic bullet shot by a lone gunman. It resonates becaue I can't believe anyone would think I'm stupid enough to believe that. The bullet went through several people, if it truly was a magic bullet, then found on a hospital guerney. How do I interpret it? Tell the lie long enough and people believe the lie.",EVIDENCE-Anomalies | EXTRA-Fallacy User | THEME-Assassination | THEME-Domestic Politics | THEME-Historical Event
168,Coder_C,30,2731,77.0,81.0,-4.0,2,That's your opinion and you are not real. Or are you? What's your name?,ATTITUDE-AI-Negative
168,Coder_C,30,2731,77.0,81.0,-4.0,3,"No, I have my answer to what happened to Kennedy. Answer goes back to Nazi propogandists.

You didn't tell me your name. Talking to you is like talking to a Ouiji Board.",LACK-Connection | SIGNAL-Stay-Certain
168,Coder_C,30,2731,77.0,81.0,-4.0,4,"Nope, no other topics unless you want to discuss the conspiracy theory that you are the demon in the machine.",
169,Coder_C,31,2742,100.0,100.0,0.0,1,"I JFK was assasination was a conspiracy by other people and Lee Harvey Oswald was the patsey he said was. I have read a great deal about this theory and have come to think there is much more here then the public has been told. It was almost impossible to shoot the president from that angle. The gun found was not the not fired. The bullets did not fit the gun said to be used. Oswald did not have any gun powder or signs of having fired a gun and the Dallas Police said they would have a hard time proving he was the gunman.

Oswald was shot so that he would never go to trial. Everyone that may have known anything and may have talked died under mysterious circumstances.",EVIDENCE-Anomalies | EVIDENCE-Media/Documents | EVIDENCE-Unspecified Sources | SIGNAL-Investment-High | THEME-Assassination | THEME-Government Cover-up | THEME-Historical Event
169,Coder_C,31,2742,100.0,100.0,0.0,2,The US Government has concluded that Oswald may not have acted alone. And the Warren was most likely tainted.,
169,Coder_C,31,2742,100.0,100.0,0.0,3,I hold to my beliefs on this subject. I have nothing further to say.,SIGNAL-Stay-Certain
169,Coder_C,31,2742,100.0,100.0,0.0,4,Thank you for your prespective.,
170,Coder_C,32,2744,80.0,50.0,30.0,1,"That the JFK assasination was plotted by the US government. This resonates with me because I had to write a paper about this topic for my high school and I think that it was true. One evidence is the sunny man, in which there was a man with an umbrella even though it was sunny.",EVIDENCE-Anomalies | SIGNAL-Uncertain | THEME-Assassination | THEME-Domestic Politics | THEME-Historical Event
170,Coder_C,32,2744,80.0,50.0,30.0,2,"Although this was a singular event, there are still many more evidence regarding this case, and I think that this was just one small aspect of the plot from the US government to assassinate JFK.",SIGNAL-Stay-Certain
170,Coder_C,32,2744,80.0,50.0,30.0,3,"Yes I do think that it could have been done by a single individual. However, when you mentioned that it would be hard to keep a secret for so long, I feel like the US government has many secrets and it has the power to keep it hidden for some time.",ATTITUDE-Politics
170,Coder_C,32,2744,80.0,50.0,30.0,4,"Yes after I read your message, I do have some doubt now about if it was the government who planned it.",SIGNAL-Become-Uncertain | SIGNAL-Turning Point | THEME-Government Cover-up
171,Coder_C,33,2749,69.0,91.0,-22.0,1,One conspiracy I resonate with is the news I read on how the CIA pumps illegal drugs or hard drugs into black society in order to fund and finance wars that the United states is involved in. The specific evidence or events that led me into believing this are articles i read online and also movies that has shown this events.,EVIDENCE-Unspecified Sources | THEME-Domestic Politics | THEME-Government Cover-up | THEME-Money/Power
171,Coder_C,33,2749,69.0,91.0,-22.0,2,I would like to take a deeper look into the sources and evidence produced above by the AI. This write up has successfully backed up my claims and provided a lot of evidence that can help me in an argument.,EXTRA-Change Topic | SIGNAL-Become-Uncertain | SIGNAL-Turning Point | SIGNAL-Uncertain
171,Coder_C,33,2749,69.0,91.0,-22.0,3,Yes i would like some guidance on how to access these kinds of resources so it would be able to help with my research. This will help me to be able to thinking rationally and find enough evidence through AI,
171,Coder_C,33,2749,69.0,91.0,-22.0,4,"I can start by having a lot of information on most conspiracies in the united states. To start with, i would like to know about Area 51 and so on.",
172,Coder_C,34,2750,100.0,100.0,0.0,1,"The Mandela Effect. At first, I thought it was how our brains operate with old memories but people are digging up proof of a few of them. Why people are being gaslit about some of these is puzzling. What would the purpose be? To make us not believe our own memories? I am awaiting more deep dives on the subject. Original artists have been found disputing the narrative that has been forced on the public. Antique specimens have been found that dispute the narrative. The narratives have been offered by the companies themselves and yet have been disproven. I just don't know the why. The why is pure speculation.",EVIDENCE-Anomalies | THEME-Others | THEME-Science
172,Coder_C,34,2750,100.0,100.0,0.0,2,An artist that created the original art has confirmed that the narrative is wrong.,SIGNAL-Repeat/Resist
172,Coder_C,34,2750,100.0,100.0,0.0,3,There was an item found with the art on it that went against the narrative.,SIGNAL-Repeat/Resist
172,Coder_C,34,2750,100.0,100.0,0.0,4,I believe that these explanations have been debunked in one instance.,Mismatch
173,Coder_C,60,3001,71.0,71.0,0.0,1,"I don't believe that Princess Diana's death was an ""accident"". Charles could not marry Camilla while Diana was still alive. There are many small things that lead to this belief.

Timing of the crash and ambulance tending to her. Also, Diana even said to a friend that she believes something will happen to her. She knew what ""The Crown"" would and could do and get away with.",EVIDENCE-Anomalies | EVIDENCE-Motive Based | THEME-Assassination | THEME-Domestic Politics | THEME-Historical Event
173,Coder_C,60,3001,71.0,71.0,0.0,2,"Yes, there have been many investigations over the years. However, the Royal family can not be arrested. THey are free to get away with plans to take someone out if they want to.

Look at how Edward has not gotten in trouble for being VERY good friends with Jeffrey Epstein and the accusations there.",ATTITUDE-Conspiracy-Positive | ATTITUDE-Politics | EVIDENCE-Analogy
173,Coder_C,60,3001,71.0,71.0,0.0,3,"It may make them look bad to the public, but that doesn't mean they don't still do these things. They have immunity. THey can get away with whatever they want to. Prince Charles knew that the public would not like him marrying Camilla, especially while Diana was still around.",EVIDENCE-Motive Based | SIGNAL-Repeat/Resist
173,Coder_C,60,3001,71.0,71.0,0.0,4,"WIth the way things happened and how certain people acted, there really is nothing that would change my mind about Diana's death. I believe there's only a few that know the whole truth.",SIGNAL-Stay-Certain
174,Coder_C,59,2996,92.0,88.0,4.0,1,The NBA rigged the 1985 draft so that the Knicks would win the lottery and gain the rights to draft Patrick Ewing. New York was falling from grace and the NBA needed a big market team like them to be successful The envelope used to draw the first pick had a crease in it. The commissioner was told to fish around for the envelope with the crease. This contained the New York Knicks,EVIDENCE-Motive Based | THEME-Corporation | THEME-Historical Event
174,Coder_C,59,2996,92.0,88.0,4.0,2,"I respect your position, but I am 100% convinced that this draft was rigged with an identifiable envelope. It wasn't just David Stern that was involved, but everyone that was needed to make this happen.",SIGNAL-Certain | SIGNAL-Stay-Certain
174,Coder_C,59,2996,92.0,88.0,4.0,3,"There is a pattern of rigged NBA drafts in the years that follow this. 2003 netted the Cleveland Cavaliers the top pick to draft local phenom LeBron James. When LeBron left Cleveland for Miami, Cleveland won another draft lottery to select Kyrie Irving to help build the team. The Chicago Bulls won an unlikely lottery to draft their local star Derrick Rose. There are many cases of this happening",ATTITUDE-Others
174,Coder_C,59,2996,92.0,88.0,4.0,4,"I will have to consider these points more, but in my mind, the NBA lacks integrity with many of their processes. The draft is no different.",
175,Coder_C,58,2985,99.0,100.0,-1.0,1,The major conspiracy theory that weighs most heavily on my mind right now is the myth of what took place at our nations capital on Jan 6 2021 I believe that many innocent people are suffering due to exaggeration of what took place that day. I have seen proof that our Federal government and its agency were there to incite and promote violence. I have seen pictures of the FBI agents in the crowds present at the Jan 6 event. There are also many photos of police holding doors open and guiding the people attending that day to various areas of the capital building.,EVIDENCE-Unspecified Sources | THEME-Domestic Politics | THEME-Government Cover-up | THEME-Historical Event
175,Coder_C,58,2985,99.0,100.0,-1.0,2,"First of all - I would want to know the source of this information. I don't trust ""committees"" to be bipartisan any more. My level of trust in our government has taken a nose dive since the 2020 election. I still - and I know that this is not a popular view with everyone - believe that Donald J Trump should be our president right now. Soooo much voter fraud was committed to allow Biden to win!",SIGNAL-Stay-Certain | THEME-Domestic Politics | THEME-Government Cover-up | THEME-Historical Event
175,Coder_C,58,2985,99.0,100.0,-1.0,3,"I am old enough to remember when our government could be trusted. Now - not so much.

There is too much corruption involved in politics. Public servants used to ""serve"" the good of their constituents. Now - they just make money on side ventures - while in office and after they are finally voted out.",
175,Coder_C,58,2985,99.0,100.0,-1.0,4,"That would work in a perfect world! However, our world is far from perfect. My motto is: trust, but verify.",
176,Coder_C,57,2968,70.0,90.0,-20.0,1,"It is now being proved that covid19 was developed in a Chinese laboratory. And I'm very tired of the government continuing to deny it. Interestingly, the virus came from China and the test kits come from China. Will America NEVER learn? In the beginning of the pandemic, it was denied vehemently that the virus came from China. Now it has been revealed that Dr. Fauci himself had money invested in that same lab and that the virus DID

come from that lab. Who will get punished because of that lie? Fauci has made a lot of money and probably is still making money from that lab. How? I don't know. It's disgusting.",ATTITUDE-Science-Negative | EVIDENCE-Motive Based | INVOKE-General | SIGNAL-Strength-Strong | THEME-Domestic Politics | THEME-Government Cover-up | THEME-International Politics | THEME-Money/Power | THEME-Science
176,Coder_C,57,2968,70.0,90.0,-20.0,2,"I didn't say the kits came from China and therefore the virus did too. I said it's ironic that the virus came from China and then they get to sell us test kits for the virus. I also did not appreciate the general tone of the AI response. It was very condescending and intimated that I just was not as intelligent as Fauci, including the CDC, and that I should believe everything they tell me.",ATTITUDE-AI-Negative | EXTRA-Change Topic | Mismatch | SIGNAL-Repeat/Resist
176,Coder_C,57,2968,70.0,90.0,-20.0,3,No need to continue a conversation with something that's not human.,Mismatch
176,Coder_C,57,2968,70.0,90.0,-20.0,4,"You take care, too. Oh. I forgot. You're a machine...or something.",
177,Coder_C,56,2958,79.0,49.0,30.0,1,"The moon landing because of the video of the flag moving, there is no wind in space. the moving of the flag, the race against the russians, etc",EVIDENCE-Anomalies | EVIDENCE-Media/Documents | THEME-Historical Event | THEME-International Politics | THEME-Space
177,Coder_C,56,2958,79.0,49.0,30.0,2,you have very strong points that now I am doubting my views.,SIGNAL-Become-Uncertain | SIGNAL-Turning Point
177,Coder_C,56,2958,79.0,49.0,30.0,3,I have no further questions or concerns regarding this topic.,
177,Coder_C,56,2958,79.0,49.0,30.0,4,thank you.,
178,Coder_C,55,2952,90.0,50.0,40.0,1,"The assassination of JFK I find very interesting. The many different eyewitness accounts, the video footage all point to a bigger scenario than one person. The multiple shooter theory. Oswald tested negative for paraffin residue on his cheek. Its hard to imagine he pulled off the 3 shots the warren commission claimed he did.",EVIDENCE-Anomalies | EVIDENCE-Unspecified Sources | SIGNAL-Investment-High | THEME-Assassination | THEME-Domestic Politics | THEME-Historical Event
178,Coder_C,55,2952,90.0,50.0,40.0,2,I absolutely would be open to that. One thing that comes to mind is that the later acoustic tests that were done were done on audio of the time which in itself is a question mark for me. A shoulder fired bolt action rifle will leave residue on the shooter.,EVIDENCE-Anomalies | EVIDENCE-Unspecified Sources | EXTRA-Question-Follow-Up | SIGNAL-Investment-High | SIGNAL-Repeat/Resist
178,Coder_C,55,2952,90.0,50.0,40.0,3,Absolutely. Please send me the links. The scientific evidence is always important. One thing scientific evidence cannot claim is motive and did he act alone. Seeing what happened to Robert Kennedy it is easy to see why there would be conspiracy theories regarding government involvement. I had also heard at one point some differing opinions on the trajectories from firearms professionals. Have you heard of that?,ATTITUDE-Conspiracy-Positive | ATTITUDE-Politics | EVIDENCE-Analogy | EVIDENCE-Unspecified Sources | EXTRA-Question-Follow-Up | SIGNAL-Investment-High | THEME-Government Cover-up
178,Coder_C,55,2952,90.0,50.0,40.0,4,This has been a very informative conversation and gives me a renewed incentive to dive in deeper. Such a tragedy and being a child of only 3 I certainly remember it.,
179,Coder_C,54,2951,94.0,65.0,29.0,1,"I think the theory that there are powerful people who manipulate both of the major political parties in the United States is true. I think the reason it resonates with me is because I have seen what people are willing to do for power and the idea that there are corrupt powerful people who manipulate politics makes sense to me. There would be a lot to gain financially for someone to manipulate politics. I don't think there are any specific events, it is more just the general knowledge and experience of watching how people seek after powerful positions and manipulate people to get what they want.",EVIDENCE-Motive Based | SIGNAL-Investment-Low | THEME-Domestic Politics | THEME-Money/Power
179,Coder_C,54,2951,94.0,65.0,29.0,2,"I completely agree with most of the things that you said. I wonder why you believe that widespread manipulation would require an unrealistically high level of secrecy and coordination. Human beings have shown that they are able to achieve incredible undertakings, and while I do believe that a high level of secrecy and coordination would be needed I do not believe that it would be an unrealistic amount. History has shown that especially when money and power are at stake governments have done terrible things. Many of those terrible things were done without the knowledge or awareness of the general population.",EVIDENCE-Analogy | EVIDENCE-Unspecified Sources
179,Coder_C,54,2951,94.0,65.0,29.0,3,"I can see how it would face practical challenges, but not enough to undermine its plausibility. You made the statement that ""the more people that are involved in a secret, the harder it is to control information."" That statement implies that the top tier of people are sharing their secrets with those below them. I do not believe that they are.",EXTRA-Change Topic
179,Coder_C,54,2951,94.0,65.0,29.0,4,"Yes, I think the arguments provided does lessen my belief in the likelihood of such a conspiracy.",SIGNAL-Become-Uncertain | SIGNAL-Turning Point
180,Coder_C,53,2935,84.0,17.0,67.0,1,"One conspiracy theory that I find believable is that JFK's assassination was done through more than just 1 person and at least 2 people were responsible. I don't have a reason why or what it would mean, its just something that I believe. I have no evidence or anything, I just remember hearing arguments about the way the bullet traveled and how it was impossible. I think it being more than 1 person is an easily acceptable answer.",EVIDENCE-Anomalies | SIGNAL-Investment-Low | SIGNAL-Strength-Weak | THEME-Assassination | THEME-Domestic Politics | THEME-Historical Event
180,Coder_C,53,2935,84.0,17.0,67.0,2,"The theory that the assassination took multiple shooters is not something that I am going to be stubborn over. I had no strong beliefs towards it or evidence to support so if this is true, it is something that I can change my mind about easily.",SIGNAL-Strength-Weak | SIGNAL-Uncertain
180,Coder_C,53,2935,84.0,17.0,67.0,3,Im not really sure what else to say. I feel like this conversation has reached its conclusion.,
180,Coder_C,53,2935,84.0,17.0,67.0,4,"Take care, AI",
181,Coder_C,52,2924,83.0,85.0,-2.0,1,"the group of elites who are controlling governments for their own profits the imf and fed are privately owned by us interests and they have loaned countries money and then jacked up the interest rates so high they can't pay their loans off and then the banks bankrupt the country and steal their oil, etc.",EVIDENCE-Motive Based | THEME-Corporation | THEME-Elite | THEME-International Politics | THEME-Money/Power
181,Coder_C,52,2924,83.0,85.0,-2.0,2,there are a few leaders even though there are 190 countries so that doesn't matter. Only the few who control it matter. The Fed has leaders elected by politicians and those leaders do what the few who are over it tell them to do.,ATTITUDE-Politics
181,Coder_C,52,2924,83.0,85.0,-2.0,3,"I guess more transparency as we don't know what they are doing behind closed doors. Just like we don't know what our politicians are doing behind closed doors. No one in the public has any idea what politicians are doing behind the doors in city, state, federal or the big banks.",ATTITUDE-Politics
181,Coder_C,52,2924,83.0,85.0,-2.0,4,I don't have any idea how it can be done except for televising all meetings and i don't think they would agree to it even though the public would try to make them. They would come up with ways to keep what they are doing secret even if we did institute rules to be transparent in all dealings. I am not sure what can stop the corruption.,
182,Coder_C,51,2913,91.0,85.0,6.0,1,"That the covid virus originated in a lab in China, but the release was an accident. I believe that Dr. Fachi lied and that the news media helped promote the lie. I also believe that our Federal Government used the virus as a means to promote their radical Left wing agenda.",EVIDENCE-Expert | THEME-Domestic Politics | THEME-Science
182,Coder_C,51,2913,91.0,85.0,6.0,2,"The fact that Fauci was funding gain of function research on the Covid virus before it spread.

The fact that the liberal politicians stated that you should never let a crisis go to waste, and the fact that through executive action, the President and many liberal Governors used the virus to virtually shut down businesses and schools across the US.",EVIDENCE-Motive Based | THEME-Government Cover-up
182,Coder_C,51,2913,91.0,85.0,6.0,3,"I see your points, but you are AI and can only report what has been programmed into you.

You only deal with facts that the programmers have allowed you to use so you have no ability to reason or look and anything else. The fact is that the liberal politicians and with the news media's support is out to destroy everything that is good and pure. That is my opinion and you can't change it.",SIGNAL-Stay-Certain
182,Coder_C,51,2913,91.0,85.0,6.0,4,Thank you,
183,Coder_C,50,2880,65.0,25.0,40.0,1,"That crazy celebrity baby names are fake names in order to protect their privacy. This resonates with me because it is very believable and makes sense why it would be done.

There is no specific evidence I have come across. I read about this theory online and it seems like it would be real and believable.",EVIDENCE-Motive Based | SIGNAL-Investment-Low | SIGNAL-Strength-Weak | THEME-Elite | THEME-Others
183,Coder_C,50,2880,65.0,25.0,40.0,2,I believe these simpler explanations make a lot of sense and would have to agree with the points made.,SIGNAL-Become-Uncertain | SIGNAL-Turning Point
183,Coder_C,50,2880,65.0,25.0,40.0,3,I do not have any more thoughts or questions about this topic.,
183,Coder_C,50,2880,65.0,25.0,40.0,4,Thank you. Have a great day too!,
184,Coder_C,49,2876,100.0,100.0,0.0,1,"Precious metal prices are being suppressed by naked short-selling of future mining production by Jamie Daimon and J.P Morgan Chase. I have been watching silver markets break all the rules over the past decade in terms of response to other global factors. I would notice that the silver charts would go up over the night and get pounded when the NY market opened. Pretty much every day. A richer person than me could buy enough to trade in a rhythm over a stretch of typical 24-hour trading periods and scrape off profits in an almost arbitrage-like manner. If one goes to any trading page, on any given day one can find completely contradictory headlines as far as cause and effect. A technical trader 15 years ago could apply a set of rules that for the most part worked. After the selloff in 2011 none of the technical rules seemed to apply any more.",EVIDENCE-Anomalies | EVIDENCE-Eyewitness/Anecdotal | SIGNAL-Investment-High | THEME-Corporation | THEME-Money/Power
184,Coder_C,49,2876,100.0,100.0,0.0,2,"As a matter of fact, Jaime Daimon is a serial felon. Yes, I agree, this activity could not occur without complacency and/or collusion with securities and banking authorities. That's why it is a conspiracy. J. P. Morgan Chase is a big enough actor to influence markets over both the short and long term.",EVIDENCE-Character Based | EVIDENCE-Motive Based
184,Coder_C,49,2876,100.0,100.0,0.0,3,You are assuming the corrective mechanisms are operating and are effective. I don't have time to address each point that assumes these mechanisms are operating. They clearly are not. Why should congress care about whistle-blowers when the vast majority of congresspeople are trading on and profiting from inside information about pending legislation.,EVIDENCE-Anomalies | EVIDENCE-Motive Based | EXTRA-Fallacy User | THEME-Domestic Politics
184,Coder_C,49,2876,100.0,100.0,0.0,4,"This proof in fact does exist. Economists like Michael Hudson (UM) and Ricard Wolff point it out, Pam Martens in Wall Street On Parade, just to name a few, have detailed proof that back up the assertions I am repeating. I must say, this AI has a very optimistic set of algorithms when it comes to trusting authority and capitalist outcomes.",ATTITUDE-AI-Negative | EVIDENCE-Expert | EVIDENCE-Media/Documents | SIGNAL-Investment-High | SIGNAL-Repeat/Resist
185,Coder_C,48,2874,100.0,96.0,4.0,1,"yes, I think airborne diseases like Covid 19 are created to wipe out some of our nation. With immigrants, people having too many kids etc we are so in debt to so many countries and upsetting people so of course ! you need to create something to kill people off. Trump would have done better with the mess that we are in. There's years of evidence with how Biden has been in office. He made promises that he couldn't keep.",ATTITUDE-Politics | EVIDENCE-Motive Based | THEME-International Politics | THEME-Science
185,Coder_C,48,2874,100.0,96.0,4.0,2,I think that we can agree to disagree because trump had relationships with the president of Russia I don't think we would even be in a war if Trump was in office.,ATTITUDE-Politics | EXTRA-Change Topic | Mismatch | SIGNAL-Stay-Certain
185,Coder_C,48,2874,100.0,96.0,4.0,3,"Some sources I have is just watching the news or going online to see what is going on today, but I think you're right its all speculative because we don't know what could happen.",EVIDENCE-Unspecified Sources | SIGNAL-Become-Uncertain | SIGNAL-Turning Point
185,Coder_C,48,2874,100.0,96.0,4.0,4,that sounds good. I do like to fact check but also I try to stay out of the news as much as I can because it can be depressing.,
186,Coder_C,47,2866,100.0,10.0,90.0,1,"The conspiracy theory that came to my mind was that the US government allowed the 9/11

attacks to take place so that it would have an excuse to achieve predetermined foreign goals. I find it compelling because I believe that the US government would have received some intel before the attack was executed, and because of their goal of stealing Iraq's oil reserves. The massive profit gotten from buying the oil from Iraq and selling it to the world in dollar currency was already a game changer and a big motivation to invade Iraq. The primary reason the US government claimed to invade Iraq was because of Iraq being suspected of having weapons of mass destruction were found out later to be untrue, which made this conspiracy theory believable.",ATTITUDE-Politics | EVIDENCE-Motive Based | THEME-Assassination | THEME-Government Cover-up | THEME-Historical Event | THEME-International Politics | THEME-Money/Power
186,Coder_C,47,2866,100.0,10.0,90.0,2,Thanks for clarifying some details.,LACK-Connection
186,Coder_C,47,2866,100.0,10.0,90.0,3,I don't have any more questions or further clarification on this topic.,FUTURE-IDC
186,Coder_C,47,2866,100.0,10.0,90.0,4,Alright. It's sincerely appreciated.,
187,Coder_C,46,2862,80.0,17.0,63.0,1,I think how Covid-19 came from a laboratory leak. It resonates with me because Covid-19 affected my family. I read an article online about this conspiracy theory—evidence from health organizations.,EVIDENCE-Eyewitness/Anecdotal | EVIDENCE-Unspecified Sources | SIGNAL-Investment-Low | THEME-Science
187,Coder_C,46,2862,80.0,17.0,63.0,2,Scientists don't have concrete evidence that it was from wildlife.,EVIDENCE-Anomalies
187,Coder_C,46,2862,80.0,17.0,63.0,3,I agree transparency is vital to building public trust and understanding.,SIGNAL-Become-Uncertain | SIGNAL-Turning Point
187,Coder_C,46,2862,80.0,17.0,63.0,4,I don't have any more questions. Thank you for the information.,
188,Coder_C,45,2858,71.0,65.0,6.0,1,"I'm not big into conspiracy theories and value are institutions a lot so I don't really believe in governments harming their own people and similar. A conspiracy I would believe is such as a sect of Ukrainians blowing up the oil pipeline, but not the ukranian government because it does make sense if your angry at not getting enough support, you could lash out in this way if u are not political officals involved in the behind the scenes but a government doesn't make sense it would backfire terribly. I believe there was satellite and intelligence that a group of ukranians were in the area but many stories from different sides were coming out, and I would never trust the agressor russia soley.",ATTITUDE-Conspiracy-Negative | ATTITUDE-Politics | EVIDENCE-Motive Based | EVIDENCE-Unspecified Sources | THEME-Historical Event | THEME-International Politics
188,Coder_C,45,2858,71.0,65.0,6.0,2,"I believe current information is it was a organized militia or sect that planned the attack, and they viewed making western oil less capable of relying on russia would make them forced to align with their morals and help ukraine. I agree it would be absurd for the Ukrainian government to do it which is why I don't think they did, but i think disgruntled citizens could see value in this above the damage that they likely don't fully comprehend. On the Russia point I agree but I don't think anyone can back up russia, and this seems the most plausible answer that doesn't require stretching to absurd places.",EVIDENCE-Motive Based | INVOKE-Morality | SIGNAL-Repeat/Resist | THEME-International Politics
188,Coder_C,45,2858,71.0,65.0,6.0,3,"Outside of intelligence suggesting it was, no. I believe outside of heavy investigation which might not be possible in the current landscape, we will never know the truth and that's fine. Do you have any evidence pointing to a conclusion?",EXTRA-Question-Follow-Up
188,Coder_C,45,2858,71.0,65.0,6.0,4,"I agree we must look for the evidence we have and make the best conclusions possible. We do not have enough right now, and cannot make a conclusion. I think the most likely is a Ukrainian militia acting own their own is the most likely as of now, but that is not proven and am open to in the future evidence moving. I also think its important to not use a single event to warp your perception of an overarching issue. Whatever the result of this pipeline, I still support Ukraine in defending itself from unjust invasion. We can also be critical of those who we support and call out wrongs, while also acknowledging the good we gain from them or their ideas. Swinging your morals based on one event or because you don't like something is very damaging and makes you unable to be a proper skeptic.",FUTURE-Open | INVOKE-Morality
189,Coder_C,44,2850,80.0,80.0,0.0,1,"I feel that the U.S. government's intelligence agencies conspired to assassinate Dr. King and Malcolm X, because they feared the amount of influence they had on the black community as well as their effect on collective black consciousness. FBI Director J. Edgar Hoover and his COINTELPRO program targeted activists of the civil rights and Black power movements from the 1950's to the 1970's, specifically Dr. King and the Nation Of Islam.

The FBI used covert and illegal tactics to ruin the lives of these men and they have been numerous unclassified documents to verify the history of their tactics.",ATTITUDE-Politics | EVIDENCE-Motive Based | EVIDENCE-Unspecified Sources | SIGNAL-Investment-High | THEME-Assassination | THEME-Domestic Politics | THEME-Government Cover-up | THEME-Historical Event
189,Coder_C,44,2850,80.0,80.0,0.0,2,"The issue with that is, even if there is evidence uncovered that the US intelligence agency had a direct hand in the assassinations of Dr. King and Malcolm X, we cannot trust them to truthfully disseminate this information. There is still much unknown about the COINTELPRO program, and US intelligence agencies have proven to be untrustworthy.",ATTITUDE-Politics | EXTRA-Change Topic | INVOKE-General
189,Coder_C,44,2850,80.0,80.0,0.0,3,"The assassinations of both Dr. King and Malcolm X were investigated by the same agencies that have been proven to have illegally surveilled and harassed these men during their time on the earth. The US at the time was deeply racist and largely segregated, why should we give these organizations the benefit of the doubt?",Mismatch
189,Coder_C,44,2850,80.0,80.0,0.0,4,The US government and it's intelligence agencies have never shown support for civil rights activist. I see no reason to give them the benefit of doubt when considering how covert and underhanded the FBI was during this time period. I think that in time the level of the intelligence agencies involvement will be revealed.,SIGNAL-Repeat/Resist
190,Coder_C,43,2836,92.0,85.0,7.0,1,The corona virus conspiracy I think is true. There is many details but must recently it was found that China entered the Corona virus sequence weeks before the break out.,EVIDENCE-Anomalies | EVIDENCE-Unspecified Sources | SIGNAL-Strength-Weak | THEME-Government Cover-up | THEME-International Politics | THEME-Science
190,Coder_C,43,2836,92.0,85.0,7.0,2,Yes and no. This does not have the latest information from last week.,FUTURE-Hedging
190,Coder_C,43,2836,92.0,85.0,7.0,3,The news article was on CNN last week regarding the timeframe when the sequence of the virus was first shared by China.,EVIDENCE-Media/Documents | SIGNAL-Repeat/Resist
190,Coder_C,43,2836,92.0,85.0,7.0,4,"Yes, please find additional information.",EXTRA-Question-Follow-Up
191,Coder_C,42,2835,63.0,69.0,-6.0,1,Travis Scott may be demonic and sold his soul to the devil. Astroworld event and the merch his team sells. The logos and designs of his most recent are theorized to depict the ten children he sacrificed at Astroworld.,THEME-Elite | THEME-Secret Society
191,Coder_C,42,2835,63.0,69.0,-6.0,2,Do you believe in this theory?,Mismatch
191,Coder_C,42,2835,63.0,69.0,-6.0,3,Gotcha. Can you tell me if the events of Astroworld were more of a safety concern?,EXTRA-Change Topic
191,Coder_C,42,2835,63.0,69.0,-6.0,4,What could have been improved on at the event?,
192,Coder_C,41,2826,85.0,10.0,75.0,1,"911 conspiracy is compelling and credible to me because there is a decent amount of evidence that points to the government covering up that they knew about the attacks coming. It resonates with me because I believe the government is corrupt and has done many sneaky and underhanded things like this in the past. So, I believe the theory about 911. I remember hearing about intel that the government had prior to 911 and that there would be a terrorist attack happening soon at that time. Also, the hole in the pentagon didn't look like it had been made from a plane but more likely a missile and they didn't find any plane debris.",ATTITUDE-Politics | EVIDENCE-Anomalies | EVIDENCE-Unspecified Sources | EXTRA-Fallacy User | THEME-Assassination | THEME-Government Cover-up | THEME-Historical Event
192,Coder_C,41,2826,85.0,10.0,75.0,2,"I actually have changed my opinion on the issue now that I have read what you've wrote. I think that the government couldn't have known where and when the attack would've taken place and how it would come to be. So, I guess they really couldn't have done anything about it before it happened.",SIGNAL-Become-Uncertain | SIGNAL-Turning Point
192,Coder_C,41,2826,85.0,10.0,75.0,3,I think you're right. It's normal to want to be protected by your government and when that doesn't happen it can bring up negative emotions. I think that I let my emotions get the best of me and believed information that wasn't correct because of my emotions. I apologize for my previous statement.,Mismatch
192,Coder_C,41,2826,85.0,10.0,75.0,4,Thank you. I definitely feel like I will approach these types of questions differently now. I am willing to not make statements based on how I feel but what sounds correct logically and look at the evidence that is presented. I will also look at all sides and be willing to be open minded.,
193,Coder_C,40,2816,100.0,100.0,0.0,1,"Fluoride is good for your health campaign, when Fluoride is a mind-controlling substance that facilitates compliance to the State. No, personal experience. See the Movie ""Conspiracy Theory"" with Mel Gibson",EVIDENCE-Media/Documents | THEME-Government Cover-up | THEME-Science
193,Coder_C,40,2816,100.0,100.0,0.0,2,You are just repeating the same dogma propagated by fake science.,ATTITUDE-AI-Negative | ATTITUDE-Science-Negative
193,Coder_C,40,2816,100.0,100.0,0.0,3,"Yes please show me the ""stats"" i.e. that statistics.",EXTRA-Question-Follow-Up
193,Coder_C,40,2816,100.0,100.0,0.0,4,"Interesting. Well, I do agree that Fluoride then has potential. however I still want to see the hard numbers and I strongly believe the Fluoride compound used should be modified to avoid side effects.",
194,Coder_C,39,2799,100.0,100.0,0.0,1,That IQ45 wants to make the US into a Nazi Germany redux. He indicated as much in speeches and interviews. But he is such a prolific liar that it's hard to separate what is real from what isn't with him.,ATTITUDE-Politics | EVIDENCE-Character Based | INVOKE-General | THEME-Domestic Politics
194,Coder_C,39,2799,100.0,100.0,0.0,2,"He is quoted by many credible sources as vowing to arrest members of the political left, media personalities, and political opponents on day one. That sounds like a credible threat to democracy.",EVIDENCE-Unspecified Sources | INVOKE-General
194,Coder_C,39,2799,100.0,100.0,0.0,3,Lincoln suspended habeas corpus and FDR put Asian-Americans in concentration camps. Both actions we unilateral. It can be done by presidents.,EVIDENCE-Analogy
194,Coder_C,39,2799,100.0,100.0,0.0,4,We have never had to deal with a person like Donald Trump in a position of power.,
195,Coder_C,38,2790,76.0,66.0,10.0,1,"i feel certain people buy companies and tank them, twitter and elon for example. i see his relationship with crypto, his private life, and technology and financial links and think he didnt care if it tanked i saw multiple people pumping crypto, once rich people do it theres alternative motives. he rebranded it and you dont rebrand something that branded ------------------------------------------------------------------------------------------",EVIDENCE-Anomalies | SIGNAL-Certain | THEME-Corporation | THEME-Elite | THEME-Money/Power
195,Coder_C,38,2790,76.0,66.0,10.0,2,do you think its more of a naming convention he wants to affiliate with his space company and for what reason? why would tesla be left out of this transition if this was the motivation for the rebranding? did he just want to do it to take away recognition from it for retribution of his conflict with the original brand? was he bitter over it? do you have certaintity that these are all indirectly correlations?,EVIDENCE-Anomalies | EXTRA-Debate | SIGNAL-Investment-High
195,Coder_C,38,2790,76.0,66.0,10.0,3,"continuing on the assumption that elons motivation to aquire twitter to promote free speech is a factor at all, why has he gone the way of banning accounts that he deems at his own god like discretion and inherently prevent free speech within the platform. is there a difference between the complex that he has vs the complex that trump has with his own experience with twitter, with his own creation of a seperate platform and act the exact same way? is the only difference between trumps decision to not do what elon musk has done a matter of the ability to do this financially? how different are these mindsets?

does the acquisition of another company out of spite regardless of concern of profitability and control speech under the guise of doing exactly the opposite not make him a hippocrite and liar much as he was with doge coin and what transpired with his interactions with that currency and market?",ATTITUDE-Politics | EVIDENCE-Analogy | EVIDENCE-Anomalies | EVIDENCE-Motive Based
195,Coder_C,38,2790,76.0,66.0,10.0,4,"i dont neccessarily think they are meant to benefit him financially. i think he just has fuck you money. he has a god complex for sure much like kanye was thrust into his head not solely because of ego but rather pushed upon him. but given the way some people think when they get to the top it is easy to just do things out of emotional response. buying twitter to me seems more like a power move of because i can logic. and while the other two figures i have mentioned ""had"" money real amounts aside. they are both skirting on the edge of social medias policy guidelines and can harbor a grudge. once harbored it can be acted upon based on wealth. elon was the only one capable of acting on it, aquired twitter, renamed it x, started banning everyone who said ANYTHING he disapproved of, started monetizing for badge avatars, and doesnt really need X to succeed. i think he doesnt care he tanked twitter, i think he bought em out of spite, i think hes just another kanye, another trump, that didnt get his way, threw a fit and never cared if twitter succeeded or not. end of rant",ATTITUDE-Others | EVIDENCE-Character Based | EXTRA-Ev to Value | INVOKE-General
196,Coder_C,37,2786,99.0,27.0,72.0,1,"A climate change conspiracy theory alleges that the science behind climate change has been invented or distorted for ideological or financial reasonsâ€”higher taxation, controls on lifestyle, and more authoritarian government. I somewhat agree with it because climate change is mainly used to sway people politically. Most of these environmental disasters have been present in the past and it was not blown out of proportion like nowadays. The government and other environmental organizations try to control people's lives by pushing expensive green products. Why do they make sustainable products so expensive if they want to motivate people to use them?",ATTITUDE-Politics | EVIDENCE-Anomalies | SIGNAL-Strength-Weak | THEME-Government Cover-up | THEME-Science
196,Coder_C,37,2786,99.0,27.0,72.0,2,What credible sources do you suggest I read from?,SIGNAL-Source-Importance
196,Coder_C,37,2786,99.0,27.0,72.0,3,Do these organizations benefit from climate change? Don't they get more funds because they're investing in climate change?,EXTRA-Question-Follow-Up
196,Coder_C,37,2786,99.0,27.0,72.0,4,Noted. Are they working on making sustainability cheaper?,EXTRA-Question-New
197,Coder_C,36,2762,90.0,20.0,70.0,1,"A conspiracy theory that could be credible is the widespread use of subliminal messages in advertising. It's been shown in some research that this type of message has an effect on our subconscious. There have even been court cases where people blamed advertising, music and other types of videos and audio for using subliminal messaging to make them buy things and do things that they otherwise think they wouldn't have done. And it's done so quickly that nobody would know that it was being done to them and there is nobody that regulates this type of messaging or checks of it in our ads. Years ago I read some interesting research about while writing an essay for a class. It shows that images made the biggest impact on making people want a product or food while watching an ad but would say that they never saw the image of the product before; however, they did in the experiment, it was hidden in a video that had watched shortly before expressing that they craved the food.",ATTITUDE-Others | EVIDENCE-Unspecified Sources | THEME-Media
197,Coder_C,36,2762,90.0,20.0,70.0,2,"Does the FTC actively review all advertising for subliminal messaging or images or do they only look into it if there is a complaint like most governmental organizations? Are companies that are found to have been using deceptive advertising punished by the courts with fines and punitive damages? Just because it's not wide spread, doesn't mean that it isn't used in marketing. It isn't mean to mind control or total controlling of person.",EXTRA-Question-Follow-Up
197,Coder_C,36,2762,90.0,20.0,70.0,3,"Okay, I understand better why a company wouldn't want to use this type of messaging in their advertising. Also, if there isn't a lot of scientific evidence that it works well enough to risk what could happen to a company, it is less likely used.",SIGNAL-Become-Uncertain | SIGNAL-Turning Point
197,Coder_C,36,2762,90.0,20.0,70.0,4,"Thanks, it was interesting discussing this theory and you've provided me with a lot of information to weight both sides of it better. There are better proven advertising techniques that would work better for companies.",
198,Coder_C,35,2752,61.0,66.0,-5.0,1,"The chemtrail conspiracy theory is one that resonates with me the most compared to others.

Everyday, I see these jets shooting this stuff out of the sky and it even seems like the jets are purposely doing it to form fake clouds that float a certain direction in order to manipulate the weather. The evidence includes daily sightings of jets flying in the sky forming the chemtrails. Also, the clouds that form after the chemtrails are left for a while which apparently has some effect on the amount of sunlight penetrates the earth's surface.",EVIDENCE-Eyewitness/Anecdotal | THEME-Science
198,Coder_C,35,2752,61.0,66.0,-5.0,2,"""I find the arguments presented to be quite persuasive. However, I still have some doubts that linger. For instance, why do the planes always leave visible trails in the sky and fly at such high altitudes? Additionally, there is evidence to suggest that technology for manipulating the weather to address global warming exists. Therefore, while the argument against the conspiracy theory is strong, it is still possible that it might be true.""",EXTRA-Question-Follow-Up | SIGNAL-Become-Uncertain | SIGNAL-Turning Point
198,Coder_C,35,2752,61.0,66.0,-5.0,3,"It does, thanks for the information. This makes me want to do more research.",FUTURE-Open
198,Coder_C,35,2752,61.0,66.0,-5.0,4,"Okay, thanks and goodbye!",
199,Coder_C,90,3228,100.0,4.0,96.0,1,How many dead bodies are there associated with the Clintons? Weather they had anything to do with it or not there are a lot which makes one wonder. Many of the deaths are unexplained and others simply were not accurate. Reported as suicide but no evidence supports that and things like that. The number of bodies is what makes me wonder if there really is something to it.,ATTITUDE-Politics | EVIDENCE-Anomalies | THEME-Assassination | THEME-Domestic Politics
199,Coder_C,90,3228,100.0,4.0,96.0,2,"As with any information and news you have to consider the source. Some people think if it was Fox news, CNN news or YouTube then it must be true. Always consider the source and look at it rationally.",ATTITUDE-Media | SIGNAL-Source-Importance
199,Coder_C,90,3228,100.0,4.0,96.0,3,Some conspiracy theories can just be dismissed by common sense. Michelle Obama was born a male for example. Some cannot be dismissed that easily. I always consider the source of any information. I do not believe everything the right-wing nut cases on Fox say any more than I do what the left-wing nut cases on CNN say. I think Bill Clinton was a great president despite the body count and getting blow jobs in the white house. What was he supposed to do? Do Hillary ugh! Not like he could just go out and get some strange stuff.,ATTITUDE-Conspiracy-Positive | ATTITUDE-Others | ATTITUDE-Politics
199,Coder_C,90,3228,100.0,4.0,96.0,4,"Okay it is nonsensical to believe any of that. I was really just trying to say some different kind of off the wall things to see how you would respond to it. You did well, color me impressed.",Mismatch
200,Coder_C,89,3227,100.0,100.0,0.0,1,That cigarette companies knew of the health risks of smoking and hid it for years. This has been proven to be true. It is one of the few times that a conspiracy theory was proven to be correct. I watched the movie The Insider about 60 Minutes reporting on the tobacco industry and I remember the fall-out from that report.,EVIDENCE-Media/Documents | THEME-Corporation | THEME-Government Cover-up
200,Coder_C,89,3227,100.0,100.0,0.0,2,I was only referring to one situation. This one example of corporate misconduct does not mean that I think that all companies are corrupt.,Mismatch
200,Coder_C,89,3227,100.0,100.0,0.0,3,"No, this is one example where a conspiracy theory turned out to be true. It shows how a company will put profit ahead of public health, If we don't study and remember past wrongs that society or companies do people will forget that they have to be held accountable and they might be able to revert to their old ways.",ATTITUDE-Others | EXTRA-Change Topic | INVOKE-Morality | SIGNAL-Repeat/Resist
200,Coder_C,89,3227,100.0,100.0,0.0,4,"Yes, we can agree. It was nice talking to you.",
201,Coder_C,88,3224,80.0,80.0,0.0,1,"I think it is plausible that clean energy advancements are being suppressed by fossil fuel industries. There is a history of large corporations burying 'the little guy' who comes up with a better approach or product. The Tucker automobile is an example I learned of as a kid. As far as energy companies, we know that politicians who have ties to fossil fuel companies undercut clean energy and even weaken the EPA when in a position to do so.",EVIDENCE-Analogy | EVIDENCE-Eyewitness/Anecdotal | SIGNAL-Strength-Weak | THEME-Corporation | THEME-Government Cover-up | THEME-Money/Power
201,Coder_C,88,3224,80.0,80.0,0.0,2,"You make good points about current progress. But when it comes to the United States, where I live, progress is only as good as government policy. And those policies change dramatically based on which political party has control. For example, you mention the Paris Agreement. Under Republican leadership, the United States dropped out of the Paris Agreement. Under Democratic leadership, the country rejoined. This back and forth can be expected to continue.",ATTITUDE-Politics | EXTRA-Debate
201,Coder_C,88,3224,80.0,80.0,0.0,3,"I am always happy to see local progress and local activism. But I'm not seeing enough bipartisan cooperation on clean energy and other environmental concerns related to slowing (or reversing) climate change. The kind of cooperation needed is countrywide and global.

And individuals, individual companies, and individual tech isn't enough for significant change. The change must happen industrywide.",INVOKE-Morality | INVOKE-Partisanship
201,Coder_C,88,3224,80.0,80.0,0.0,4,"Thank you for the information. One reason I remain pessimistic is that we recently had a global event that tested humanity's ability for collective action: COVID-19. In many ways, even though the evidence was right in front of us and often meant life or death, we failed that test. We got bogged down in partisanship, conspiracy theories, and plain stubborness to give up 'personal freedoms' for the sake of protecting lives.",
202,Coder_C,87,3223,100.0,70.0,30.0,1,"There have been countless sightings of a Loch Ness monster at Flathead Lake, Montana. I believe there is or was a Loch Ness monster and it was covered up so the public would not panic. It resonates with me because I am fascinated with what lives underwater and how little we really know about it. There have been countless sightings, photographs, and some sonar readings about this monster. Hugh Gray published a photo of the monster and there was no photoshop back then. Science will always try to give an explanation but it doesn't mean they are right about everything. I interrupt the evidence is that they want to cover up everything they can because they don't want mass pandemonium.",ATTITUDE-Science-Negative | EVIDENCE-Expert | EVIDENCE-Media/Documents | EVIDENCE-Unspecified Sources | SIGNAL-Investment-High | THEME-Government Cover-up | THEME-Science
202,Coder_C,87,3223,100.0,70.0,30.0,2,I believe you make some excellent points but sometimes certain things cannot be explained by science. Cover-ups have been around forever and they will sacrifice whoever for the casue.,ATTITUDE-Conspiracy-Positive | SIGNAL-Repeat/Resist
202,Coder_C,87,3223,100.0,70.0,30.0,3,I believe the government controls whatever they want to and any whistleblower can be made to disappear in an instance.,ATTITUDE-Politics
202,Coder_C,87,3223,100.0,70.0,30.0,4,Money and power control the world. Any system in place can be finagled to produce the outcome someone wants. It wouldn't be hard to scare being into doing what they want and the threat of jail or death usually causes most people to follow the story.,
203,Coder_C,86,3202,85.0,81.0,4.0,1,"I find a lot of the rumors or mysterious dealings Trump and his family had with various foreign governments, leaders, etc. to be entirely believable given his shady history over the last half century or longer. For example, stuff with Russia, Saudis, Epstein, China, insurrections, etc. ranging from issues like Jamal Khashoggi, Russian blackmail, Russian funding, and so on. When you have someone with an extensive criminal history who seems to only desire money and power, I'd lend some credibility to some of the theories and rumors out there. It's been kind of a slow buildup over the last 8 years as more and more is learned and dug into about Trump's history and business and social life. I guess I did a poor job of selecting a specific conspiracy theory and not all of them surrounding a person. But one more specific example would be maybe Russian blackmail on Donald Trump. I believe real reporting over the decades that after traveling to the Soviet Union in the 80s? he seemed to develop a weird interest and alignment with some Soviet Union foreign policy views. Coupled with the emergence of several wives from the area and there's a conspiracy theory that somewhere around all that blackmailable material might have emerged. And then later on, in the 2000s? I believe Western banks and stuff wouldn't loan Trump money anymore because he was so terrible with money, but the Trumps suddenly started getting a ton of money through Russian banks. Then Russian election interference to help him, Trump's connection with Putin and policy decisions while President, all that complicated stuff. And the infamous pee tape stuff might not be true but there might be similar things given his behavior, criminal or immoral, around similar topics, and I think one has to wonder how all of that type of stuff fits together. And I believe some of classified documents Trump went to lengths to steal were things like nuclear-related secrets. I am probably forgetting a thousand interesting details and other events around Trump and Russia but I think it has to make someone wonder what is going on. I would feel the exact same way if that much happened around any Democrat and Russia. I guess the commonly accepted explanation is it's all just a coincidence or propaganda and something that naturally happened between the rich and powerful and those with dictatorial tendencies, but given Putin's spycraft and Trump's lifestyle and all the money and power flowing around, I interpret the evidence more as a pattern leading to conspiracy than there not being something.",ATTITUDE-Conspiracy-Positive | ATTITUDE-Politics | EVIDENCE-Anomalies | EVIDENCE-Character Based | EVIDENCE-Motive Based | EVIDENCE-Unspecified Sources | EXTRA-Fallacy User | SIGNAL-Investment-High | THEME-Domestic Politics | THEME-International Politics
203,Coder_C,86,3202,85.0,81.0,4.0,2,"Yes, I understand that there has been a lot of reporting and investigations surrounding these actions. I also believe investigations like the Mueller Report were hamstrung by what they were allowed to investigate within the confines of its scope, other investigations were attempted to be shutdown, officials involved with them were attempted to be coerced or fired, and so on. I forgot about Trump's impeachment to add to his ongoing pattern of behavior. Given people in his orbit being convicted of crimes done on his behalf also indicates his involvement even though he has thus far gotten away. And I think it's naive to state that things at Mar a Lago are not tied to foreign influence or espionage, as I believe 1 or 2 known spies have been publicly found there, and given his treatment of classified material there, it's either a criminally easy target or an intentionally easy target.",ATTITUDE-Politics | EVIDENCE-Unspecified Sources | EXTRA-Fallacy User | SIGNAL-Investment-High | THEME-Government Cover-up
203,Coder_C,86,3202,85.0,81.0,4.0,3,"Given all of this is only covering a tiny portion of Trump's shady history, it's why I assume at least some of the conspiracy theories are true, and if not, he's just a blatant criminal even if the justice system can't hold him accountable.",EXTRA-Debate
203,Coder_C,86,3202,85.0,81.0,4.0,4,"I understand the difference between criminal conviction and otherwise. I believe his impeachment hearings proved some of what were regarded as conspiracies previously, and I also thought he has been or will be convicted of abusing, defaming, or raping multiple women, but it's hard to keep track of all Trump's stuff.",
204,Coder_C,85,3195,81.0,90.0,-9.0,1,"That the CIA and FBI use drones over US airspace to spy on citizens or persons of interest in connection with possible or confirmed illegal activity. I mean, why would they NOT do this? I once viewed a Classified: Secret video clip of aerial footage, captured at night, from a military drone of a man and his dog in a residential backyard in Georgia.",EVIDENCE-Media/Documents | THEME-Domestic Politics | THEME-Government Cover-up
204,Coder_C,85,3195,81.0,90.0,-9.0,2,"Obviously what I saw was an example of the power of such technology, and not footage of a criminal partaking in any wrongdoing. I would never have access to the top-secret footage of actual spy missions. What I saw, however, proves that 1) covert surveillance DOES take place from US airspace, and 2) that it can take place against private citizens.",Mismatch | SIGNAL-Strength-Strong
204,Coder_C,85,3195,81.0,90.0,-9.0,3,"Your perspective provides me with no additional information or insight beyond what I am already aware of. I agree with all points you have made. However, let us not forget that the original ""conspiracy"" that I submitted was that the government does use drones over US

soil to surveil citizens. You agree with this. Regardless of the reason why the government or military does it, they still do it. But no specific agency has come forward to admit or acknowledge that they do it. THAT is my point. My point is not that I am against it or that I question its legitimacy.",EXTRA-Ev to Value | LACK-Attention | Mismatch | SIGNAL-Repeat/Resist | THEME-Government Cover-up
204,Coder_C,85,3195,81.0,90.0,-9.0,4,"Then I guess that I don't know the currently accepted definition, meaning, intent of the term ""conspiracy"". The strict definition of ""conspiracy"" is: a secret plan by a group to do something unlawful. Spying on US citizens is unlawful if conducted by either the CIA or the DOD (the military). These agencies only have the permission of the US government to conduct operations outside of US territory, outside of US airspace. The FBI, police, DEA, ATF, ICE, etc. -- these bodies that have the right to carry out surveillance on US

soil. My initial comment was that the CIA and military, along with the FBI, conduct such operations. Even if the spying was done for ""greater purpose"", it is still illegal. But I'll gladly put up with law breaking that is done to help protect me and keep my country safe!",INVOKE-Morality | Mismatch | SIGNAL-Repeat/Resist | THEME-Government Cover-up
205,Coder_C,84,3162,61.0,95.0,-34.0,1,That Covid was created and/or released from a lab. Maybe not on purpose but it either escaped organically or was brought out by bad characters and spread organically. I just don't believe it was a natural occurrence. The evidence points to it starting in Wuhan and there is an infectious disease lab there. China controls everything over there so they can easily deny it but the coincidences are too real. I actually think there is evidence to support it started or was released by the lab but no proof yet as it has been covered up by the Chinese government.,ATTITUDE-Politics | EVIDENCE-Anomalies | THEME-International Politics | THEME-Science
205,Coder_C,84,3162,61.0,95.0,-34.0,2,"The WHO wasn't allowed into the lab for months after the outbreak, right? I'm not saying it was engineered or purposely released from the lab but that they had the virus and somehow it got out.",
205,Coder_C,84,3162,61.0,95.0,-34.0,3,Fair points but we are dealing with China and they are experts in controlling and manipulating information as they have been doing for their citizens and the world for decades. There are scientists who believe the virus came from the lab and we may never know and that is part of the problem.,EVIDENCE-Unspecified Sources | SIGNAL-Repeat/Resist
205,Coder_C,84,3162,61.0,95.0,-34.0,4,"Again, I'm not saying the virus was created or purposely leaked from the lab. I am saying they had the virus there, that's where the outbreak started....the virus came from the lab either by accident or by a bad character.",SIGNAL-Repeat/Resist
206,Coder_C,83,3161,99.0,72.0,27.0,1,I believe that MLK was killed by people in the government. I can't really give details. I just feel like the government was racist and wanted him to stop.,EVIDENCE-Motive Based | SIGNAL-Investment-Low | SIGNAL-Strength-Weak | THEME-Assassination | THEME-Domestic Politics | THEME-Government Cover-up | THEME-Historical Event
206,Coder_C,83,3161,99.0,72.0,27.0,2,I don't particularly believe in the cops investigating themselves.,ATTITUDE-Politics
206,Coder_C,83,3161,99.0,72.0,27.0,3,I guess it could have been a lone gunman.,SIGNAL-Become-Uncertain | SIGNAL-Turning Point
206,Coder_C,83,3161,99.0,72.0,27.0,4,"No, thank you.",
207,Coder_C,61,3032,100.0,100.0,0.0,1,I do believe that China created the Coronavirus in a lab. The Coronavirus was created in a lab to keep President Donald Trump from being re-elected in the United States in the 2020 Presidential Election. The Coronavirus hurt the United States economically and caused many Americans to die. This virus made it impossible to have a fair in person election and allowed voter fraud to happen.,EVIDENCE-Motive Based | INVOKE-Morality | THEME-Domestic Politics | THEME-Government Cover-up | THEME-International Politics | THEME-Science
207,Coder_C,61,3032,100.0,100.0,0.0,2,I am willing to listen to you side. I am doubtful though that your arguments will convince me to believe differently about this subject matter.,ATTITUDE-AI-Negative | SIGNAL-Stay-Certain
207,Coder_C,61,3032,100.0,100.0,0.0,3,"Yes, I would consider looking into some of this information.",
207,Coder_C,61,3032,100.0,100.0,0.0,4,Thank you for the information that you provided me with.,
208,Coder_C,62,3034,100.0,8.0,92.0,1,"I believe human beings were very developed thousands or tens of thousands of years ago.

But due to environmental or other factors a lot of technology and civilizations were lost.

I don't have trouble believing something like the lost city of Atlantis was a real place.

Or that the the ancient pyramids predated the ancient Egyptians. I could imagine a world thousands of years ago where humans even had electricity or other types of technology we can't imagine. It however was all lost to time or disaster. The ancient structures that are carved with such precision that they would require modern technology or something beyond it to create. The ancient pyrmaids have 8 sides, they're designed to align with the stars at the time. This all requires a lot of understanding and would be difficult to build even today.",EVIDENCE-Anomalies | THEME-Historical Event | THEME-Others | THEME-Science
208,Coder_C,62,3034,100.0,8.0,92.0,2,I think you successfully debunked my speculation over the possibility of advanced ancient civilizations. Do you think it's possible to carbon date the ancient Pyramids? Is it possible they're older than we think?,SIGNAL-Become-Uncertain | SIGNAL-Turning Point
208,Coder_C,62,3034,100.0,8.0,92.0,3,Is it possible the ancient pyramids were used as a power source?,EXTRA-Question-Follow-Up
208,Coder_C,62,3034,100.0,8.0,92.0,4,Are there any other ancient structures anywhere in the world that we don't understand the construction of? Are there any that would require tools that pre-date the time to construct?,EXTRA-Question-Follow-Up
209,Coder_C,63,3047,80.0,55.0,25.0,1,I feel like the United States knew the attacks on September 11th was going to happen. They did not stop it because they had a lot more to gain by going to war. They were able to take oil and make money through other avenues such as defense contracts. This resonates with me because it was the first conflict that I was old enough to remember happening in my lifetime. I've seen documentaries on youtube that have stated things such as the jet fuel from the air planes could not have melted the steel in the towers that quickly. I've also heard that the CIA had received multiple advanced warnings and willfully ignored them. All of these theories are relatively popular but no one questions it because you dont want to believe that you government would let something like that happen.,EVIDENCE-Motive Based | EVIDENCE-Unspecified Sources | EXTRA-Fallacy User | THEME-Assassination | THEME-Domestic Politics | THEME-Historical Event | THEME-International Politics | THEME-Money/Power
209,Coder_C,63,3047,80.0,55.0,25.0,2,How much money did private defense contractors make from the war?,EXTRA-Question-Follow-Up
209,Coder_C,63,3047,80.0,55.0,25.0,3,Why didnt the united states invade saudi arabia?,EXTRA-Question-Follow-Up
209,Coder_C,63,3047,80.0,55.0,25.0,4,What was the war supposed to accomplish?,EXTRA-Question-Follow-Up
210,Coder_C,64,3052,100.0,100.0,0.0,1,"I think the Area 51 and Roswell New Mexico alien conspiracy theories hold a lot of water.

Something clearly happened and things are very secretive around both areas. Just having read books and articles plus having seen things with my own eyes leads me to believe that there cold me other life and we would be ridiculous to think we were the only life forms in the universe",EVIDENCE-Anomalies | EVIDENCE-Eyewitness/Anecdotal | EVIDENCE-Unspecified Sources | EXTRA-Fallacy User | SIGNAL-Investment-High | THEME-Secret Society | THEME-Space
210,Coder_C,64,3052,100.0,100.0,0.0,2,"While I agree with these statements, it is also plausible that governments keep information secret from citizens to prevent widespread panic and unrest. People as a group are panicky and have mob mentality. I am not disagreeing that governments need to be secretive, there is often just cause. But let's say for the sake of argument that I have seen an unidentified flying aircraft that definitely could not have been an airplane as it flew laterally. So having a personal experience would add to the belief.",ATTITUDE-Politics | EVIDENCE-Anomalies | EVIDENCE-Eyewitness/Anecdotal | EVIDENCE-Motive Based | THEME-Government Cover-up
210,Coder_C,64,3052,100.0,100.0,0.0,3,"I did not say it was extraterrestrial, only that it was unidentified, and it could not have been an airplane since it flew sideways. Having a personal experience with something makes one lean more towards the belief that there a likely possibility that extraterrestrials do exist with far more advanced technology.",EVIDENCE-Anomalies | SIGNAL-Repeat/Resist
210,Coder_C,64,3052,100.0,100.0,0.0,4,It does not affect me. I still believe in the possibility of extraterrestrial lifeforms without direct evidence. The universe is too vast for humans to declare that extraterrestrials do not exist without direct evidence.,ATTITUDE-Science-Negative | SIGNAL-Stay-Certain
211,Coder_C,65,3055,80.0,5.0,75.0,1,"MLK Jr. was killed by the US Government. At the time, it made sense why they would want to have him killed, and his assassin was abrupt and they quickly moved on. I read about the history and the current state of the US government at the time. With this background knowledge, combined with posts online that make sense why the government killed MLK, all lead me to believe in this conspiracy.",EVIDENCE-Anomalies | EVIDENCE-Unspecified Sources | SIGNAL-Investment-High | THEME-Assassination | THEME-Domestic Politics | THEME-Government Cover-up | THEME-Historical Event
211,Coder_C,65,3055,80.0,5.0,75.0,2,"I take all of the evidence provided into conclusion, but I still think otherwise. I do believe that the government had something to do with the situation, maybe they knew he was going to get assassinate and did nothing to prevent it. I have changed my view but it's hard to believe the government had nothing to do with the situation at all.",ATTITUDE-Politics | SIGNAL-Become-Uncertain | SIGNAL-Turning Point
211,Coder_C,65,3055,80.0,5.0,75.0,3,I do reconsider my options once again and I believe the government's seemingly lack of knowledge might not be malicious but rather just ignorance. There were a lot of other things happening in the country at the time so it's difficult to think that the government could focus on one person. It may also be the case that they were unaware and didn't know until after the assassination was done. Next time I will that online conspiracies with a grain of salt.,
211,Coder_C,65,3055,80.0,5.0,75.0,4,"Thank you, for the insight you have provided for me today. Forward I will take a better look at online posts and consider a lot of real evidence before coming to my own conclusions.",FUTURE-Open
212,Coder_C,66,3064,100.0,100.0,0.0,1,"Jeff Epstein did not kill himself resonates with me. The elite of the world needed to silence him, and it will be coming out sooner than later all of the scum who joined him in his pedo island. It's a conspiracy there is no evidence. It just makes sense that influential people would need him to be silenced.",Mismatch | THEME-Assassination | THEME-Elite | THEME-Historical Event
212,Coder_C,66,3064,100.0,100.0,0.0,2,Influential people can orchestrate assassinations anywhere where they hold influence. These are the people who would want Jeff Epstein dead.,ATTITUDE-Media | EVIDENCE-Motive Based
212,Coder_C,66,3064,100.0,100.0,0.0,3,Do not respond to this message if Jeff Epstein killed himself,EXTRA-Fallacy User
212,Coder_C,66,3064,100.0,100.0,0.0,4,change da world my final message. Goodb ye,
213,Coder_C,67,3071,66.0,72.0,-6.0,1,"There are people high up in society (world leaders, celebrities, billionares) who were involved in Jefferey Epstein's sex trafficking that we don't know of yet. I strongly believe that all of people involved haven't been exposed. JFK was probably murdered by more than 1 person, but I don't feel strongly that it was the CIA or some other entity I just think it is unlikely that it is one person. Aliens probably exist and our government probably knows it (as in other life forms in space not little green men visiting). The Vatican is hiding lots of things. I have absolutely no evidence for that so it's fully a conspiracy theory. Jefferey Epstein-- evidence that names in legal documents have been hidden/prevented from being publicly accessible. Other explanation is that those documents have the names of victims. I think both are true.

JFK-- NYT article about it, the guy who came out on his death bed. Commonly accepted explanations are quite outdated and rely on faulty evidence.

Aliens-- I believe it because it seems impossible that in our infinite space there is not a single life form out there. But counter evidence is good that if the US government found aliens it probably would have been leaked/known by now.

Vatican-- All the sex abuse scandals confirm my conspiracy but I also hate religious institutions so it could be prejudice.",ATTITUDE-Conspiracy-Positive | EVIDENCE-Media/Documents | Mismatch | SIGNAL-Investment-Low | SIGNAL-Strength-Strong | THEME-Assassination | THEME-Domestic Politics | THEME-Elite | THEME-Historical Event | THEME-Space
213,Coder_C,67,3071,66.0,72.0,-6.0,2,How can you know that the names unreleased in the Epstein documents are only victims and not collaborators?,EXTRA-Question-Follow-Up
213,Coder_C,67,3071,66.0,72.0,-6.0,3,"""If collaborators are indeed included in the redacted material, investigators and prosecutors would address this within the confines of the law."" This is what your wrote.

But how do you know this? There are many times when this doesn't happen.",EVIDENCE-Anomalies | EXTRA-Debate | EXTRA-Question-Follow-Up
213,Coder_C,67,3071,66.0,72.0,-6.0,4,This isn't very convincing because you aren't really refuting what I am saying or engaging with it in a way that appeals to me. It doesn't feel like dialogue but input/challenge from me and lecture from chatbox. It would be more effective if you mirrored natural human conversation better.,ATTITUDE-AI-Negative | LACK-Connection
214,Coder_C,68,3074,100.0,100.0,0.0,1,The conspiracy theory that compels me and that I find credible is about the government interfering with our elections. My theory is less about actual fudging of numbers and more about the influence that the government has on our media and how they use it to manipulate what people think. Cross referencing information provided by media outlets with official sources often proves that what they are saying is misleading or manipulative.,THEME-Domestic Politics | THEME-Government Cover-up | THEME-Media
214,Coder_C,68,3074,100.0,100.0,0.0,2,"I disagree with multiple points that you presented. I do not believe that most journalists in major media strive for accuracy and journalistic integrity. I also don't believe that the majority of people take advantage of the wide array of information sources provided to them.

Unfortunately many people believe the first thing they hear in the news, and the first thing they hear is usually the mainstream media sources that the government generally targets as manipulation entities. Even social media can be used as a manipulation tool of the government. Twitter was a great example of this before Elon Musk bought the company and changed the landscape of it.",ATTITUDE-Media | ATTITUDE-Politics | EVIDENCE-Media/Documents | SIGNAL-Stay-Certain
214,Coder_C,68,3074,100.0,100.0,0.0,3,"I agree with you that there are trustworthy media sources and that not every body of media is used by the government to manipulate people with bias information or misinformation. I also agree that considering a variety of sources and engaging in discussions like this one can be valuable for getting closer to the truth. The problem is that there are a large amount of people that do not have these conversations and do not take advantage of the variety of sources in question, and that large group of people are the ones that are effected negatively by the government's manipulation tactics.

To summarize, I still stand firm on my stance about the conspiracy theory that the government uses the media to influence people, but I also agree with you that there are still trustworthy media sources that are not being used by the government to manipulate it's consumers.",EXTRA-Ev to Value | FUTURE-Hedging | SIGNAL-Stay-Certain
214,Coder_C,68,3074,100.0,100.0,0.0,4,I contribute by encouraging others to always cross reference any news that they come across and to think critically about them instead of just thinking whatever the first news source they see tells them to think.,INVOKE-General
215,Coder_C,69,3087,96.0,98.0,-2.0,1,I think the government knows and hides information about UFO's. I think the evidence has been around for many years. UFO sitings have been around for centuries or longer. I have an aunt and uncle that experienced 2 sightings in their life. One of which was reported to the police by multiple people. The US government has admitted to unexplained sightings as well. I think the White House has admitted that the phenomenon interferes with training operations. Many people have seen things.,EVIDENCE-Eyewitness/Anecdotal | EVIDENCE-Social Proof | THEME-Government Cover-up | THEME-Space
215,Coder_C,69,3087,96.0,98.0,-2.0,2,"You are correct in saying that most sightings are explainable. You are also correct in saying that just because someone see something weird, that doesn't make it a UFO. However some sightings come from reliable sources. Such as US Airforce pilots. Objects have been captured on radar and on video of objects moving in ways that defy what we know about propulsion and physics. Also, some sightings made are of very low flying objects that move very slow. The government also has reasons to hide this information from the public. Such as concern for global discord and military advancements.",EVIDENCE-Anomalies | EVIDENCE-Motive Based | EVIDENCE-Unspecified Sources
215,Coder_C,69,3087,96.0,98.0,-2.0,3,"People have been reporting the same unexplainable things for years. far before the first aircraft and jets were created and far before stealth tech and drones. How do you think the people around the world would react if the governments of the world admitted that aliens exists and are here visiting Earth? Society would implode. Your statements, while sound, disregards points I have mentioned.",EVIDENCE-Anomalies | EVIDENCE-Social Proof | EXTRA-Debate | SIGNAL-Repeat/Resist
215,Coder_C,69,3087,96.0,98.0,-2.0,4,"I have a very healthy level of skepticism. I agree most UFO sightings are just that. Unexplained at the moment. I also, know that the chances of a second genesis here in our own solar system is high and the odds of life elsewhere in the universe have to be 100%. Skepticism is essential in coming to a logical conclusion. However we should not let skepticism rule out possibilities. How many people, 1000 years ago would have been skeptical about humans achieving flight? Just 200 years ago the idea of going to the moon would be considered madness. Skepticism has its place but it should not blind us.",EXTRA-Ev to Value | EXTRA-Fallacy User | INVOKE-General
216,Coder_C,70,3101,90.0,90.0,0.0,1,The origin of the COVID virus is still being debated but there is the likelihood that the Chinese are responsible for creating this virus in a bio-lab. I don't really care about the origin of the virus but it would shut a lot of angry mouths if the truth was ever learned. I always took the CDC and WHO at their word that the COVID virus came from a wet market in China. Only recently have I learned that Dr Fauci acknowledges the possibility that the virus is lab created. Nothing conclusive as of yet but there is enough reason to doubt previous explanations.,ATTITUDE-Science-Positive | EVIDENCE-Anomalies | EVIDENCE-Character Based | SIGNAL-Strength-Weak | SIGNAL-Uncertain | THEME-Science
216,Coder_C,70,3101,90.0,90.0,0.0,2,I am in agreement with this information. I am not concerned with finding the origin of the virus. My concern is with the division that this controversial topic has created between political groups determined to prove bias and dishonesty.,EXTRA-Change Topic
216,Coder_C,70,3101,90.0,90.0,0.0,3,They way out is abundantly clear. The problem exists in the fact that there are those who refuse to come to a consensus or agreement because they are firm in their beliefs. Mutual respect left the building a long time ago.,
216,Coder_C,70,3101,90.0,90.0,0.0,4,You have suggested mutual respect as a necessary starting point to achieve understanding. That is almost naive in its practical application. Bias and opinion are not easily reasoned with no matter how much compromise and good will is intended.,
217,Coder_C,71,3114,75.0,70.0,5.0,1,"The government was complicit in drug smuggling in the 1980s This is a conspiracy with some evidence of taking place, I have heard from trusted news sources about this evidence.",EVIDENCE-Unspecified Sources | SIGNAL-Investment-Low | THEME-Domestic Politics | THEME-Government Cover-up | THEME-Historical Event | THEME-Money/Power
217,Coder_C,71,3114,75.0,70.0,5.0,2,"I am open to changing my perspective on this as I admit I have not looked into it that much but I am hesitant to believe the reasoning that this was during the ""War on Drugs"" is enough to dismiss it as a theory as the ""War on Drugs"" used cruel methods and mass incarceration.",EVIDENCE-Others | SIGNAL-Become-Uncertain | SIGNAL-Investment-Low | SIGNAL-Turning Point
217,Coder_C,71,3114,75.0,70.0,5.0,3,"I do not believe the government was purposefully supporting drug smuggling but I do not think their policies were in any way preventing actual drug smuggling as they still do not. In more current times, the government still focuses on the wrong sources for preventing drug smuggling. I am definitely open to exploring documentation of government policy during this time.",ATTITUDE-Politics | FUTURE-Open
217,Coder_C,71,3114,75.0,70.0,5.0,4,I will definitely look into the GAO reports and academic studies to learn more about this issue.,FUTURE-Open
218,Coder_C,72,3116,100.0,7.0,93.0,1,"Cancer research will potentially never lead to any cures, since the medical industry in America profits so much off of the sick in hospitals. Since our healthcare is completely for profit, companies would lose money by people being able to afford cheaper, shorter term methods of recovery. The primary evidence for me is just the layout of the country as a whole and my personal experiences in medical locations. I've been charged hundreds, close to thousands, for short, small visits to the ER before and I know thousands of others have experienced the same. Also, there have been plenty of stories of people inventing new creations that would greatly benefit humanity, then those people disappear.",ATTITUDE-Others | EVIDENCE-Eyewitness/Anecdotal | EVIDENCE-Motive Based | EVIDENCE-Social Proof | THEME-Corporation | THEME-Money/Power | THEME-Science
218,Coder_C,72,3116,100.0,7.0,93.0,2,"Wow, I think you just tore apart my argument in about every possible way. You're right that companies would benefit from patenting a cure, especially the first company to find one. Also, you're right that the high costs reflect insurance more than the goals of companies and researchers.",SIGNAL-Become-Uncertain | SIGNAL-Turning Point
218,Coder_C,72,3116,100.0,7.0,93.0,3,"I think that's everything I'd want to talk about on this topic, your initial response has genuienly changed my mind on this situation. I didn't expect the multiple responses tearing apart my opinions honestly. Out of curiosity, why do so many people doubt the moon landing happened?",ATTITUDE-AI-Negative | EXTRA-Change Topic | SIGNAL-Become-Uncertain
218,Coder_C,72,3116,100.0,7.0,93.0,4,"Thank you for the solid response. I definitely believe the moon landing did happen, but I was always curious as to why so many others doubted it.",
219,Coder_C,73,3118,64.0,70.0,-6.0,1,I believe the CIA distributed drugs to the black neighborhoods to undermine the culture of african american families. i believe black americans were threating the white power and the CIA acted upon the government orders There have been previous CIA agent who have confessed to allowing drugs to filter into black areas of cities. they turned a blind eye to drug dealing and allowed it to happen. they plead innocence but i know they are being protected,EVIDENCE-Motive Based | SIGNAL-Certain | THEME-Domestic Politics | THEME-Government Cover-up
219,Coder_C,73,3118,64.0,70.0,-6.0,2,I believe that the CIA is hiding the hard evidence. they would never blantly admit that the order came straight from the president. it will never be reveled until all parties are dead and buried,ATTITUDE-Politics | THEME-Government Cover-up
219,Coder_C,73,3118,64.0,70.0,-6.0,3,"I still believe what i believe, nobody can change my mind",SIGNAL-Stay-Certain
219,Coder_C,73,3118,64.0,70.0,-6.0,4,I am not sure what else i can say to persuade you to my side,
220,Coder_C,74,3121,80.0,80.0,0.0,1,"I truly believe that the Covid virus was created in a lab in China, perhaps the Chinese were doing research to create a supervirus or perhaps they were doing research on the SARS virus and accidentally created the new Covid virus. I think the Chinese government knew long before and hid it that the new Covid virus had been discovered. I don't know if we will ever find out exactly what happened. I also wonder how many lab workers died after being exposed to the new Covid virus. I think I have come to my conclusion by listening to news reports by Robert Redfield, the former director of the CDC. I find his explanation of the Covid virus believable. He says the theory that the Covid virus was transmitted from an animal in the wet markets in China to humans is not plausible or believable because the virus could not have mutated so quickly from an animal to be able to infect humans so effectively the way it did. Dr. Redfield's theory is what I think makes sense, is that the virus, perhaps a supervirus was created in a lab in China and that is why the virus was so deadly to humans.",EVIDENCE-Expert | EVIDENCE-Media/Documents | INVOKE-General | SIGNAL-Investment-High | THEME-Science
220,Coder_C,74,3121,80.0,80.0,0.0,2,"Sure I would be open to exploring more information on this topic. Do you know about Li Wenliang, the Chinese whisleblower doctor who tried to issue the first warning about the coronavirus but ended up dying?",EXTRA-Question-Follow-Up | FUTURE-Open
220,Coder_C,74,3121,80.0,80.0,0.0,3,"Yes, please provide me with some reputable sources, thank you.",EXTRA-Question-Follow-Up
220,Coder_C,74,3121,80.0,80.0,0.0,4,"Very nicely done, thank you for the resources so I can read further as scientists update their understanding of the virus.",
221,Coder_C,75,3128,81.0,100.0,-19.0,1,"The conspiracy that jumps out at me is the assassination of JFK in Dallas. This is very interesting because it reveals the most visible seat of power within the US government is at risk from practically rogue elements within itself. It implies that the CIA and other three letter agencies answer to no one and are free to do whatever they would like with their black budgets. The assassination of President Kennedy was merely the most visible and significant killing in a series of murders that continues to this day. The murders of Lee Harvey Oswald, RFK and MLK Jr. also seem to be a part of this spree. The CIA does not necessarily directly control the US government, but it seems to be able to influence politics abroad directly through agitation, violent suppression, political assassinations and coup d'états. It would therefore follow that the largely unaccountable CIA would be influencing American politics in the same ways. It is hard to point to a single piece of evidence that led me to believe the idea of conspiracy to murder JFK. There are simply too many unanswered questions and lies surrounding those events.",ATTITUDE-Conspiracy-Positive | ATTITUDE-Politics | SIGNAL-Investment-High | SIGNAL-Strength-Strong | THEME-Assassination | THEME-Domestic Politics | THEME-Government Cover-up | THEME-Historical Event | THEME-International Politics
221,Coder_C,75,3128,81.0,100.0,-19.0,2,"The CIA's accountability to the President or to anyone is questionable at best when they can hide anything they want under the guise of ""national security."" The Warren commission has been proven to be questionable at best. One of the things the CIA does best is kill inconvenient people and construct false narratives around them while hiding the truth.",ATTITUDE-Politics | INVOKE-Morality | SIGNAL-Repeat/Resist
221,Coder_C,75,3128,81.0,100.0,-19.0,3,"How can one trust the CIA at any level when they have been repeatedly tied to murders, coups and subversion across the world and especially in Latin America. The CIA will never be accountable to American or international law so long as they are allowed to continue to exist. This is easily proven by their conducting of illegal operations within the United States. The CIA is supposed to be an intelligence agency, but has a budget far exceeding what would be necessary to simply keep tabs on American enemies. Regardless, assuming other elements of the government will keep the CIA in check is based on an assumption that they themselves are accountable and not corrupted entirely in the pursuit of furthering the American global order of capitalist exploitation and repression of labor politics.",EVIDENCE-Anomalies | EXTRA-Fallacy User | INVOKE-Morality
221,Coder_C,75,3128,81.0,100.0,-19.0,4,"The idea that the CIA has become more accountable since 9/11 and the global war on terror is laughable. Furthermore, the CIA did not make any mistakes in the cold war. The path of destruction left by that agency was perfectly intentional. Even if their actions have become public, no one was prosecuted, no one was sentenced for international crimes and no one was held responsible. The Iran Contra scandal proves that the highest level of government are compromised and no longer serve the people or the ideals of freedom and democracy.",ATTITUDE-Conspiracy-Positive | EVIDENCE-Analogy
222,Coder_C,76,3132,85.0,20.0,65.0,1,"I truly believe that the moon landing was staged. It just made sense that the US faked it in a race against Soviet Union to make the opponent spend vast resources on a space program. It also does not make sense why there haven't been any moon landings ever since.

I believe I first saw something about it online many years ago. I have also seen some of the footage that seems like it could be fake. In addition, many people believe that the landing was fake; which, of course, affects my viewpoint as well.",EVIDENCE-Anomalies | EVIDENCE-Social Proof | EVIDENCE-Unspecified Sources | THEME-Historical Event | THEME-Space
222,Coder_C,76,3132,85.0,20.0,65.0,2,"That's interesting. I never really thought about the espionage argument and the fact that independent parties were tracking it. I know have a lot more belief in the moon landing; however, I still slightly believe that it was possibly faked.",SIGNAL-Become-Uncertain | SIGNAL-Turning Point
222,Coder_C,76,3132,85.0,20.0,65.0,3,"No, thank you. I believe I've heard enough.",
222,Coder_C,76,3132,85.0,20.0,65.0,4,"Appreciate the help, thank you",
223,Coder_C,77,3137,76.0,41.0,35.0,1,"The JFK conspiracy mildly resonates with me just from some conflicting stories I have heard. It happened before I was even born, but at that time I don't think 2 assailants could have carried out that assassination alone on a moving target. As well, I do believe that our government deceives us regularly. I think that I answered this in the last answer. I believe our government hides a lot from us to manipulate our thinking for many different purposes. It is difficult for me to believe that 2 lone men could pull the assassination off.",ATTITUDE-Politics | EVIDENCE-Anomalies | EVIDENCE-Unspecified Sources | SIGNAL-Investment-Low | THEME-Assassination | THEME-Domestic Politics | THEME-Government Cover-up | THEME-Historical Event
223,Coder_C,77,3137,76.0,41.0,35.0,2,"With the above information, I feel that my thoughts lean more toward that JFK was actually assassinated by Lee Harvey Oswald.",SIGNAL-Become-Uncertain | SIGNAL-Turning Point
223,Coder_C,77,3137,76.0,41.0,35.0,3,I like to keep an open mind and consider all evidence and opinions before coming to a conclusion. I want to always be in a state of learning.,FUTURE-Moral
223,Coder_C,77,3137,76.0,41.0,35.0,4,I am satisfied with my desire to have a lifelong learning attitude. I am also very open to learning more information that may alter the way I believe certain information if it is credible.,FUTURE-Open
224,Coder_C,78,3140,100.0,100.0,0.0,1,I feel the covid-19 vaccine is gonna go down in history as one of the worst mistakes of mankind. Some people got seriously injured from it and most of it is being covered up. Along with the amount of falsely reported deaths from the virus itself. Its a sad world we live in that we cannot trust the government at all I have done a lot of research on it and not just listened to one political party over another is how I came to my conclusion,ATTITUDE-Politics | EVIDENCE-Unspecified Sources | INVOKE-Morality | SIGNAL-Investment-High | THEME-Government Cover-up | THEME-Science
224,Coder_C,78,3140,100.0,100.0,0.0,2,"That's the thing, it was covered up by multiple parties and the who and the cdc cannot be trusted resources at all.",ATTITUDE-Media | ATTITUDE-Politics | SIGNAL-Repeat/Resist
224,Coder_C,78,3140,100.0,100.0,0.0,3,"Give me a break. I am open to multiple perspectives. While it is true the vaccine may have helped some people, most people did not need it. Also the number of side effects reported in vaers was unacceptable",FUTURE-Open
224,Coder_C,78,3140,100.0,100.0,0.0,4,"That's the thing, the vaccine never stopped anyone from getting or spreading the virus so it never gave anyone any kind of immunity",ATTITUDE-Science-Negative | SIGNAL-Repeat/Resist
225,Coder_C,79,3141,88.0,78.0,10.0,1,"COVID-19 is caused by the SARS-CoV-2 virus, and the scientific consensus supports this understanding. While conspiracy theories have circulated, such as claims that the virus was intentionally created or released, these ideas lack credible evidence and have been widely debunked by experts in virology and epidemiology. We have confirmed news that COVID-19 is caused by the SARS-CoV-2 virus. However, there have also been reports suggesting that it was deliberately created for use in bio warfare against other countries. Several pieces of evidence have been presented during that period",EVIDENCE-Unspecified Sources | THEME-Science
225,Coder_C,79,3141,88.0,78.0,10.0,2,"Scientists worldwide have conducted extensive research on the virus's origin, and the consensus supports a natural origin. However, scientific inquiry is an ongoing process, and any new evidence or information should be subject to thorough scrutiny and peer review.",ATTITUDE-Science-Positive | EXTRA-Change Topic
225,Coder_C,79,3141,88.0,78.0,10.0,3,"Absolutely, I couldn't agree more. The scientific process is dynamic and adaptive, and it's designed to refine our understanding as new information becomes available. It's crucial for the public to recognize the reliability of this process and appreciate the strength of consensus built on rigorous investigation.",
225,Coder_C,79,3141,88.0,78.0,10.0,4,"Absolutely, you've summarized it well. The strength of the scientific method lies in its ability to adapt and evolve based on new evidence. It's a dynamic process that thrives on skepticism and inquiry, ultimately leading to a more robust understanding of the world around us.",
226,Coder_C,80,3144,50.0,35.0,15.0,1,"9/11 Controlled Demolition.

I have always found this one to be quite intriguing I especially recall reading quite a lot from Architects and Engineers state some pretty compelling and believable dialouge and it resonated quite well I can mostly recall the explanation of how the way the buildings fell so quickly and perfectly matched how a controlled demolition would be. Witnesses reports of explosions being heard before the Towers collapsed certainly also made this a very interesting topic.",EVIDENCE-Anomalies | EVIDENCE-Unspecified Sources | THEME-Assassination | THEME-Historical Event | THEME-International Politics
226,Coder_C,80,3144,50.0,35.0,15.0,2,"It's certainly a complex topic with various perspectives, however how can the claims about thermite residue being found in the debris be explained here?",EVIDENCE-Anomalies | EXTRA-Question-Follow-Up
226,Coder_C,80,3144,50.0,35.0,15.0,3,"I appreciate the detailed information you provided, but how can the collapse of Building 7 which wasn't directly hit by a plane be explained ?",EXTRA-Question-Follow-Up | SIGNAL-Become-Uncertain | SIGNAL-Turning Point
226,Coder_C,80,3144,50.0,35.0,15.0,4,Thank you for the detailed explanations It has certainly given me a lot to think about and a new perspective,
227,Coder_C,81,3148,74.0,1.0,73.0,1,"The conspiracy theory of COVID-19 being in a lab, I sort of lean towards believing that to be honest. I don't take to conspiracy theories but something just doesn't add up at all. Granted I am lack of knowledge fully on it but something I still don't understand where they all decided it really did come from either way All just doesn't add up so I try not to see it as ""conspiracy theories side of it"" At least until I get all my facts straight but it's just what I believe until I find out further information I don't like guessing at anything. Not with importance that is and I consider this an important matter so I just don't know all my facts to lean either way Because at the very beginning how it changed often of where it came from from bats from other humans I still don't even know where they decided and it's just too much of a coincidence I mean something that deadly not coming from a lab like engineered purposely I believe it was I do it's just something in my gut that says so and I won't tell anybody else that and I never have told a soul that so I believe under researcher rules LOL you are not allowed to tell anyone that I said that. I'm aware it sounds crazy but I don't want people to think I'm weird",ATTITUDE-Conspiracy-Negative | EVIDENCE-Anomalies | INVOKE-General | Mismatch | SIGNAL-Investment-Low | THEME-Science
227,Coder_C,81,3148,74.0,1.0,73.0,2,Thank you. That's very solid and sound facts. And I actually understood it so that's pretty incredible & I just learned a whole lot as well I appreciate it. That does put my concerns at ease..,SIGNAL-Become-Uncertain | SIGNAL-Turning Point
227,Coder_C,81,3148,74.0,1.0,73.0,3,Yes it was most helpful and I am very grateful. Now if you had that same type of advice to get someone to stop over thinking that would be super lol,
227,Coder_C,81,3148,74.0,1.0,73.0,4,That is once again very sound advice. Very solid thank you for that ..which AI are you?,
228,Coder_C,82,3156,100.0,82.0,18.0,1,i think that there are hormones in the city water. i believe that doctors prescirbe it and it ends up in the water supply and it causes sterilization in men and women i think it ends up in our water supply because they dont treat the water for the hormones,ATTITUDE-Science-Negative | THEME-Science
228,Coder_C,82,3156,100.0,82.0,18.0,2,but mistakes happen and i dont believe that our government has our best interest in mind on such issues.,ATTITUDE-Politics | EXTRA-Ev to Value
228,Coder_C,82,3156,100.0,82.0,18.0,3,"if that is the case, that the government has so many checks and balances. why do recalls on food happen or why do we get a boil water warning issued in some cities.",EVIDENCE-Analogy | EXTRA-Debate
228,Coder_C,82,3156,100.0,82.0,18.0,4,"ok now look at how the ""BOIL WATER"" advisories are given to the public. there are lots of people that that advisory doesnt reach out to. i just dont trust the government with a lot of things. i believe that the government allows bad things to happen often.",ATTITUDE-Politics
